Event_name,Date,Fighter_1,Fighter_1_Submission_odds,Fighter_1_TKO/KO_Odds,Fighter_1_Decision,Fighter_2,Fighter_2_Submission_odds,Fighter_2_TKO/KO_Odds,Fighter_2_Decision
UFC 150: Henderson vs. Edgar II,August 11th,Benson Henderson,+637,+500,+140,Frankie Edgar,+1780,+850,+295
UFC 150: Henderson vs. Edgar II,August 11th,Ed Herman,+1085,+475,+400,Jake Shields,+445,+1905,+110
UFC 150: Henderson vs. Edgar II,August 11th,Donald Cerrone,+105,+500,+323,Melvin Guillard,+4500,+435,+800
UFC 150: Henderson vs. Edgar II,August 11th,Justin Lawrence,+1303,+725,+275,Max Holloway,+850,+260,+185
UFC 150: Henderson vs. Edgar II,August 11th,Buddy Roberts,+1215,+750,+1800,Yushin Okami,+600,+200,+155
UFC 150: Henderson vs. Edgar II,August 11th,Erik Perez,0,0,+270,Ken Stone,0,0,+320
UFC 150: Henderson vs. Edgar II,August 11th,Dennis Bermudez,0,0,+150,Tom Hayden,0,0,+578
UFC 150: Henderson vs. Edgar II,August 11th,Jared Hamman,0,0,+325,Michael Kuiper,0,0,+264
UFC 150: Henderson vs. Edgar II,August 11th,Eiji Mitsuoka,0,0,+460,Nik Lentz,0,0,-155
UFC 150: Henderson vs. Edgar II,August 11th,Chico Camus,0,0,+250,Dustin Pague,0,0,+314
UFC 152: Jones vs. Belfort,September 22nd,Jon Jones,+236,-119,+650,Vitor Belfort,+3375,+800,+1800
UFC 152: Jones vs. Belfort,September 22nd,Demetrious Johnson,+1400,+1800,+325,Joseph Benavidez,+450,+715,+128
UFC 152: Jones vs. Belfort,September 22nd,Brian Stann,+1700,+260,+750,Michael Bisping,+900,+500,+132
UFC 152: Jones vs. Belfort,September 22nd,Matt Hamill,+900,+145,+221,Roger Hollett,+1265,+750,+600
UFC 152: Jones vs. Belfort,September 22nd,Charles Oliveira,+120,+1035,+325,Cub Swanson,+1315,+425,+600
UFC 152: Jones vs. Belfort,September 22nd,Evan Dunham,0,0,+165,T.J. Grant,0,0,+222
UFC 152: Jones vs. Belfort,September 22nd,Charlie Brenneman,0,0,0,Kyle Noke,0,0,0
UFC 152: Jones vs. Belfort,September 22nd,Lance Benoist,0,0,+173,Sean Pierson,0,0,+275
UFC 152: Jones vs. Belfort,September 22nd,Seth Baczynski,0,0,0,Simeon Thoresen,0,0,0
UFC 152: Jones vs. Belfort,September 22nd,Mitch Gagnon,0,0,0,Walel Watson,0,0,0
UFC 152: Jones vs. Belfort,September 22nd,Igor Pokrajac,0,0,+410,Vinny Magalhaes,0,0,+325
UFC 152: Jones vs. Belfort,September 22nd,Jimy Hettes,0,0,+490,Marcus Brimage,0,0,+700
UFC 154: St-Pierre vs. Condit,November 17th,Carlos Condit,+1400,+460,+1142,Georges St-Pierre,+600,+525,+115
UFC 154: St-Pierre vs. Condit,November 17th,Johny Hendricks,+1263,+330,+199,Martin Kampmann,+700,+785,+350
UFC 154: St-Pierre vs. Condit,November 17th,Mark Hominick,+400,+220,+328,Pablo Garza,+900,+1100,+600
UFC 154: St-Pierre vs. Condit,November 17th,Francis Carmont,+210,+350,+300,Tom Lawlor,+1110,+750,+525
UFC 154: St-Pierre vs. Condit,November 17th,John Maguire,0,0,0,Matt Riddle,0,0,0
UFC 154: St-Pierre vs. Condit,November 17th,Chad Griggs,0,0,+400,Cyrille Diabate,0,0,+350
UFC 154: St-Pierre vs. Condit,November 17th,Alessio Sakara,0,0,+650,Patrick Cote,0,0,+471
UFC 154: St-Pierre vs. Condit,November 17th,Darren Elkins,0,0,0,Steven Siler,0,0,0
UFC 154: St-Pierre vs. Condit,November 17th,Azamat Gashimov,0,0,0,Ivan Menjivar,0,0,0
UFC 154: St-Pierre vs. Condit,November 17th,John Makdessi,0,0,+260,Sam Stout,0,0,+135
UFC 154: St-Pierre vs. Condit,November 17th,Mark Bocek,+775,+990,+350,Rafael Dos Anjos,0,0,0
UFC 154: St-Pierre vs. Condit,November 17th,Antonio Carvalho,0,0,0,Rodrigo Damm,0,0,0
UFC 155: Dos Santos vs. Velasquez II,December 29th,Cain Velasquez,+1750,+254,+1000,Junior Dos Santos,+1325,-121,+1200
UFC 155: Dos Santos vs. Velasquez II,December 29th,Alan Belcher,+1060,+300,+400,Yushin Okami,+2470,+1050,+150
UFC 155: Dos Santos vs. Velasquez II,December 29th,Jim Miller,+225,+843,+215,Joe Lauzon,+400,+1320,+600
UFC 155: Dos Santos vs. Velasquez II,December 29th,Constantinos Philippou,+2125,+530,+213,Tim Boetsch,+800,+750,+181
UFC 155: Dos Santos vs. Velasquez II,December 29th,Brad Pickett,0,0,+372,Eddie Wineland,0,0,+210
UFC 155: Dos Santos vs. Velasquez II,December 29th,Jamie Varner,0,0,+575,Melvin Guillard,0,0,+412
UFC 155: Dos Santos vs. Velasquez II,December 29th,Chris Leben,+629,+175,+425,Derek Brunson,+795,+800,+252
UFC 155: Dos Santos vs. Velasquez II,December 29th,Byron Bloodworth,0,0,+500,Erik Perez,0,0,+237
UFC 155: Dos Santos vs. Velasquez II,December 29th,Michael Johnson,0,0,+140,Myles Jury,0,0,+475
UFC 155: Dos Santos vs. Velasquez II,December 29th,Philip de Fries,0,0,+825,Todd Duffee,0,0,+1200
UFC 155: Dos Santos vs. Velasquez II,December 29th,Chris Cariaso,0,0,+225,John Moraga,0,0,+172
UFC 155: Dos Santos vs. Velasquez II,December 29th,Leonard Garcia,0,0,+606,Max Holloway,0,0,-110
UFC 156: Aldo vs. Edgar,February 2nd,Frankie Edgar,+1845,+1000,+263,Jose Aldo,+1600,+200,+211
UFC 156: Aldo vs. Edgar,February 2nd,Antonio Rogerio Nogueira,+1450,+750,+1350,Rashad Evans,+1800,+282,-145
UFC 156: Aldo vs. Edgar,February 2nd,Alistair Overeem,+1250,-230,+600,Antonio Silva,+1800,+529,+1650
UFC 156: Aldo vs. Edgar,February 2nd,Demian Maia,+400,+1650,+550,Jon Fitch,+2295,+950,-140
UFC 156: Aldo vs. Edgar,February 2nd,Ian McCall,+1505,+1125,+317,Joseph Benavidez,+564,+645,-130
UFC 156: Aldo vs. Edgar,February 2nd,Evan Dunham,+895,+606,+146,Gleison Tibau,+590,+649,+260
UFC 156: Aldo vs. Edgar,February 2nd,Jay Hieron,+1235,+550,+225,Tyron Woodley,+1315,+420,+145
UFC 156: Aldo vs. Edgar,February 2nd,Chico Camus,+1150,+575,+127,Dustin Kimura,+345,+564,+525
UFC 156: Aldo vs. Edgar,February 2nd,Bobby Green,+1865,+770,+829,Jacob Volkmann,+130,+2000,+172
UFC 156: Aldo vs. Edgar,February 2nd,Isaac Vallie-Flagg,+2155,+495,+438,Yves Edwards,+365,+415,+166
UFC 156: Aldo vs. Edgar,February 2nd,Edwin Figueroa,+680,+650,+785,Francisco Rivera,+1180,+155,+183
UFC 157: Rousey vs. Carmouche,February 23rd,Liz Carmouche,+2500,+928,+2600,Ronda Rousey,-370,+1000,+1019
UFC 157: Rousey vs. Carmouche,February 23rd,Dan Henderson,+2400,+350,+660,Lyoto Machida,+900,+640,-102
UFC 157: Rousey vs. Carmouche,February 23rd,Ivan Menjivar,+750,+2470,+485,Urijah Faber,+450,+800,-115
UFC 157: Rousey vs. Carmouche,February 23rd,Josh Koscheck,+323,+600,+133,Robbie Lawler,+3300,+424,+1100
UFC 157: Rousey vs. Carmouche,February 23rd,Court McGee,+450,+416,+140,Josh Neer,+1100,+800,+625
UFC 157: Rousey vs. Carmouche,February 23rd,Caros Fodor,+1150,+1150,-112,Sam Stout,+973,+420,+250
UFC 157: Rousey vs. Carmouche,February 23rd,Dennis Bermudez,+285,+350,+146,Matt Grice,+1000,+645,+600
UFC 157: Rousey vs. Carmouche,February 23rd,Anton Kuivanen,+885,+800,+375,Michael Chiesa,+155,+874,+240
UFC 157: Rousey vs. Carmouche,February 23rd,Brendan Schaub,+160,+600,+868,Lavar Johnson,+2830,+120,+1200
UFC 157: Rousey vs. Carmouche,February 23rd,Nah-Shon Burrell,+1400,+359,+270,Yuri Villefort,+385,+561,+257
UFC 157: Rousey vs. Carmouche,February 23rd,Jon Manley,+550,+1250,+275,Neil Magny,+515,+514,+164
UFC 157: Rousey vs. Carmouche,February 23rd,Brock Jardine,+320,+310,+365,Kenny Robertson,+1415,+550,+270
UFC 158: St-Pierre vs. Diaz,March 16th,Georges St-Pierre,+1400,+350,-125,Nick Diaz,+1400,+1250,+1400
UFC 158: St-Pierre vs. Diaz,March 16th,Carlos Condit,+700,+578,+225,Johny Hendricks,+1835,+350,+190
UFC 158: St-Pierre vs. Diaz,March 16th,Jake Ellenberger,+1855,+315,+174,Nate Marquardt,+1575,+400,+305
UFC 158: St-Pierre vs. Diaz,March 16th,Colin Fletcher,+850,+1520,+660,Mike Ricci,+700,+250,+190
UFC 158: St-Pierre vs. Diaz,March 16th,Chris Camozzi,+1215,+575,+205,Nick Ring,+555,+1320,+145
UFC 158: St-Pierre vs. Diaz,March 16th,George Roop,+490,+335,+509,Reuben Duran,+739,+305,+260
UFC 158: St-Pierre vs. Diaz,March 16th,Daron Cruickshank,+1405,+450,+210,John Makdessi,+1230,+310,+215
UFC 158: St-Pierre vs. Diaz,March 16th,Issei Tamura,+1420,+700,+1335,T.J. Dillashaw,+300,+346,+109
UFC 158: St-Pierre vs. Diaz,March 16th,Dan Miller,+720,+1515,+464,Jordan Mein,+1045,+255,+117
UFC 158: St-Pierre vs. Diaz,March 16th,Quinn Mulhern,+1050,+1650,+550,Rick Story,+900,+250,-116
UFC 158: St-Pierre vs. Diaz,March 16th,Antonio Carvalho,+590,+525,+613,Darren Elkins,+800,+920,-135
UFC 158: St-Pierre vs. Diaz,March 16th,Bobby Voelker,+1540,+475,+310,Patrick Cote,+750,+149,+370
UFC 159: Jones vs. Sonnen,April 27th,Chael Sonnen,+3100,+2625,+1000,Jon Jones,+140,+145,+885
UFC 159: Jones vs. Sonnen,April 27th,Alan Belcher,+1600,+400,+480,Michael Bisping,+2550,+450,+125
UFC 159: Jones vs. Sonnen,April 27th,Phil Davis,+900,+650,-140,Vinny Magalhaes,+500,+1400,+800
UFC 159: Jones vs. Sonnen,April 27th,Cheick Kongo,+3950,+1050,+350,Roy Nelson,+668,+110,+550
UFC 159: Jones vs. Sonnen,April 27th,Jim Miller,+400,+600,+164,Pat Healy,+2185,+2200,+350
UFC 159: Jones vs. Sonnen,April 27th,Gian Villante,+1045,+500,+331,Ovince St. Preux,+900,+320,+215
UFC 159: Jones vs. Sonnen,April 27th,Cody McKenzie,+280,+2050,+722,Leonard Garcia,+550,+169,+375
UFC 159: Jones vs. Sonnen,April 27th,Kurt Holobaugh,+600,+462,+251,Steven Siler,+336,+1800,+228
UFC 159: Jones vs. Sonnen,April 27th,Rustam Khabilov,+450,+254,+270,Yancy Medeiros,+514,+420,+825
UFC 159: Jones vs. Sonnen,April 27th,Sara McMann,+110,+589,+213,Sheila Gaff,+1620,+650,+1385
UFC 159: Jones vs. Sonnen,April 27th,Bryan Caraway,+175,+1440,+525,Johnny Bedford,+809,+353,+256
UFC 160: Velasquez vs. Silva II,May 25th,Antonio Silva,+3860,+825,+2500,Cain Velasquez,+1800,-245,+650
UFC 160: Velasquez vs. Silva II,May 25th,Junior Dos Santos,+650,+200,+238,Mark Hunt,+3875,+450,+800
UFC 160: Velasquez vs. Silva II,May 25th,Glover Teixeira,+333,+350,+348,James Te Huna,+3670,+830,+650
UFC 160: Velasquez vs. Silva II,May 25th,Gray Maynard,+1415,+500,+125,T.J. Grant,+700,+1200,+430
UFC 160: Velasquez vs. Silva II,May 25th,Donald Cerrone,+610,+500,+175,K.J. Noons,+3425,+550,+470
UFC 160: Velasquez vs. Silva II,May 25th,Mike Pyle,+1360,+400,+400,Rick Story,+740,+220,+282
UFC 160: Velasquez vs. Silva II,May 25th,Abel Trujillo,+1700,+500,+550,Khabib Nurmagomedov,+428,+170,+325
UFC 160: Velasquez vs. Silva II,May 25th,Colton Smith,+545,+1000,+106,Robert Whittaker,+650,+400,+568
UFC 160: Velasquez vs. Silva II,May 25th,Dennis Bermudez,+272,+325,+201,Max Holloway,+2450,+700,+438
UFC 160: Velasquez vs. Silva II,May 25th,Nah-Shon Burrell,+1470,+390,+400,Stephen Thompson,+1855,+150,+300
UFC 160: Velasquez vs. Silva II,May 25th,Brian Bowles,+300,+200,+400,George Roop,+1135,+800,+471
UFC 160: Velasquez vs. Silva II,May 25th,Estevan Payan,+1685,+525,+450,Jeremy Stephens,+800,+120,+388
UFC 161: Evans vs. Henderson,June 15th,Dan Henderson,+2685,+330,+450,Rashad Evans,+2200,+500,+130
UFC 161: Evans vs. Henderson,June 15th,Jake Shields,+440,+1815,+350,Tyron Woodley,+2630,+300,+119
UFC 161: Evans vs. Henderson,June 15th,Pat Barry,+3100,+130,+670,Shawn Jordan,+450,+400,+413
UFC 161: Evans vs. Henderson,June 15th,Roy Nelson,+1570,-150,+600,Stipe Miocic,+2830,+650,+345
UFC 161: Evans vs. Henderson,June 15th,Igor Pokrajac,+1330,+605,+475,Ryan Jimmo,+1825,+190,+130
UFC 161: Evans vs. Henderson,June 15th,Alexis Davis,+200,+400,+232,Rosi Sexton,+1400,+1500,+525
UFC 161: Evans vs. Henderson,June 15th,James Krause,+700,+2145,+389,Sam Stout,+1865,+250,+110
UFC 161: Evans vs. Henderson,June 15th,Kenny Robertson,+420,+1145,+225,Sean Pierson,+1305,+425,+220
UFC 161: Evans vs. Henderson,June 15th,Edwin Figueroa,+764,+300,+450,Roland Delorme,+129,+700,+503
UFC 161: Evans vs. Henderson,June 15th,Dustin Pague,+625,+1200,+565,Yves Jabouin,+2000,+110,+210
UFC 161: Evans vs. Henderson,June 15th,John Maguire,+295,+605,+147,Mitch Clarke,+1050,+1242,+370
UFC 164: Henderson vs. Pettis II,August 31st,Anthony Pettis,+900,+300,+300,Benson Henderson,+1105,+1000,+163
UFC 164: Henderson vs. Pettis II,August 31st,Frank Mir,+600,+860,+500,Josh Barnett,+645,+300,+240
UFC 164: Henderson vs. Pettis II,August 31st,Chad Mendes,+600,+350,+110,Clay Guida,+1755,+2400,+550
UFC 164: Henderson vs. Pettis II,August 31st,Ben Rothwell,+1500,+175,+420,Brandon Vera,+950,+450,+450
UFC 164: Henderson vs. Pettis II,August 31st,Dustin Poirier,+500,+795,+359,Erik Koch,+502,+250,+201
UFC 164: Henderson vs. Pettis II,August 31st,Hyun Gyu Lim,+900,+400,+486,Pascal Krauss,+346,+425,+183
UFC 164: Henderson vs. Pettis II,August 31st,Louis Gaudinot,+1000,+745,+325,Tim Elliott,+305,+525,+180
UFC 164: Henderson vs. Pettis II,August 31st,Gleison Tibau,+550,+1185,+171,Jamie Varner,+1505,+250,+260
UFC 164: Henderson vs. Pettis II,August 31st,Nikita Krylov,+240,+260,+1022,Soa Palelei,+900,+135,+700
UFC 164: Henderson vs. Pettis II,August 31st,Al Iaquinta,+592,+200,+250,Ryan Couture,+700,+1295,+350
UFC 164: Henderson vs. Pettis II,August 31st,Jared Hamman,+700,+275,+485,Magnus Cedenblad,+500,+212,+500
UFC 164: Henderson vs. Pettis II,August 31st,Chico Camus,+1670,+750,+327,Kyung Ho Kang,+220,+900,+150
UFC 165: Jones vs. Gustafsson,September 21st,Alexander Gustafsson,+3266,+1216,+2256,Jon Jones,+190,+165,+385
UFC 165: Jones vs. Gustafsson,September 21st,Eddie Wineland,+2750,+800,+1450,Renan Barao,+120,+464,+320
UFC 165: Jones vs. Gustafsson,September 21st,Brendan Schaub,+750,+880,+250,Matt Mitrione,+2355,+145,+888
UFC 165: Jones vs. Gustafsson,September 21st,Constantinos Philippou,+1565,+210,+245,Francis Carmont,+825,+2550,+225
UFC 165: Jones vs. Gustafsson,September 21st,Khabib Nurmagomedov,+525,+400,+180,Pat Healy,+1325,+2050,+329
UFC 165: Jones vs. Gustafsson,September 21st,John Makdessi,+1795,+380,+160,Renee Forte,+450,+1850,+325
UFC 165: Jones vs. Gustafsson,September 21st,Dustin Kimura,+170,+1130,+314,Mitch Gagnon,+800,+500,+400
UFC 165: Jones vs. Gustafsson,September 21st,Mike Ricci,+2200,+1225,+510,Myles Jury,+325,+400,+130
UFC 165: Jones vs. Gustafsson,September 21st,Chris Clements,+2640,+750,+605,Stephen Thompson,+1400,+150,+170
UFC 165: Jones vs. Gustafsson,September 21st,Ivan Menjivar,+1100,+415,+195,Wilson Reis,+450,+1800,+300
UFC 165: Jones vs. Gustafsson,September 21st,Jesse Ronson,+1375,+290,+250,Michel Prazeres,+375,+1195,+260
UFC 165: Jones vs. Gustafsson,September 21st,Daniel Omielanczuk,+145,+260,+700,Nandor Guelmino,+675,+600,+635
UFC 165: Jones vs. Gustafsson,September 21st,Alex Caceres,+325,+720,+206,Roland Delorme,+325,+1345,+350
UFC 166: Velasquez vs. Dos Santos III,October 19th,Cain Velasquez,+1200,+250,+231,Junior Dos Santos,+2420,+250,+800
UFC 166: Velasquez vs. Dos Santos III,October 19th,Diego Sanchez,+2700,+2841,+650,Gilbert Melendez,+1505,+325,-150
UFC 166: Velasquez vs. Dos Santos III,October 19th,Daniel Cormier,+2435,+300,-154,Roy Nelson,+3149,+725,+1851
UFC 166: Velasquez vs. Dos Santos III,October 19th,Gabriel Gonzaga,+625,+450,+880,Shawn Jordan,+3062,+105,+509
UFC 166: Velasquez vs. Dos Santos III,October 19th,Darrell Montague,+1825,+1650,+435,John Dodson,+928,+185,+145
UFC 166: Velasquez vs. Dos Santos III,October 19th,Dustin Pague,+550,+1210,+255,Kyogi Horiguchi,+1045,+245,+245
UFC 166: Velasquez vs. Dos Santos III,October 19th,Hector Lombard,+905,+160,+328,Nate Marquardt,+2020,+800,+270
UFC 166: Velasquez vs. Dos Santos III,October 19th,Jessica Eye,+1170,+900,+300,Sarah Kaufman,+1065,+280,+130
UFC 166: Velasquez vs. Dos Santos III,October 19th,Adlan Amagov,+1735,+160,+210,T.J. Waldburger,+405,+770,+605
UFC 166: Velasquez vs. Dos Santos III,October 19th,Mike Rio,+1125,+2100,+535,Tony Ferguson,+897,+130,+179
UFC 166: Velasquez vs. Dos Santos III,October 19th,C.B. Dollaway,+788,+1000,+320,Tim Boetsch,+800,+250,+275
UFC 166: Velasquez vs. Dos Santos III,October 19th,George Sotiropoulos,+425,+2475,+300,K.J. Noons,+1805,+170,+273
UFC 166: Velasquez vs. Dos Santos III,October 19th,Andre Fili,+556,+235,+230,Jeremy Larsen,+896,+485,+500
UFC 167: St-Pierre vs. Hendricks,November 16th,Georges St-Pierre,+750,+606,+120,Johny Hendricks,+3117,+300,+1222
UFC 167: St-Pierre vs. Hendricks,November 16th,Chael Sonnen,+1041,+1415,+315,Rashad Evans,+1415,+267,+155
UFC 167: St-Pierre vs. Hendricks,November 16th,Robbie Lawler,+3300,+425,+1650,Rory Macdonald,+275,+465,+160
UFC 167: St-Pierre vs. Hendricks,November 16th,Josh Koscheck,+1095,+819,+189,Tyron Woodley,+1280,+385,+300
UFC 167: St-Pierre vs. Hendricks,November 16th,Ali Bagautinov,+1015,+500,+350,Tim Elliott,+750,+500,+186
UFC 167: St-Pierre vs. Hendricks,November 16th,Donald Cerrone,+800,+455,+243,Evan Dunham,+905,+850,+175
UFC 167: St-Pierre vs. Hendricks,November 16th,Ed Herman,+1215,+600,+340,Thales Leites,+225,+1288,+171
UFC 167: St-Pierre vs. Hendricks,November 16th,Cody Donovan,+1440,+1110,+500,Gian Villante,+1160,-105,+369
UFC 167: St-Pierre vs. Hendricks,November 16th,Edwin Figueroa,+2900,+800,+569,Erik Perez,+606,+200,+200
UFC 167: St-Pierre vs. Hendricks,November 16th,Anthony Lapsley,+1310,+1050,+650,Jason High,+140,+901,+320
UFC 167: St-Pierre vs. Hendricks,November 16th,Sergio Pettis,+225,+240,+254,Will Campuzano,+1800,+1350,+500
UFC 167: St-Pierre vs. Hendricks,November 16th,Brian Ebersole,+820,+1100,+450,Rick Story,+1150,+350,+130
UFC 168: Weidman vs. Silva II,December 28th,Anderson Silva,+1015,+135,+605,Chris Weidman,+605,+450,+605
UFC 168: Weidman vs. Silva II,December 28th,Miesha Tate,+1425,+1412,+1700,Ronda Rousey,-275,+792,+1103
UFC 168: Weidman vs. Silva II,December 28th,Diego Brandao,+1025,+685,+500,Dustin Poirier,+425,+331,+254
UFC 168: Weidman vs. Silva II,December 28th,Fabricio Camoes,+1220,+1940,+573,Jim Miller,+257,+430,+170
UFC 168: Weidman vs. Silva II,December 28th,Josh Barnett,+306,+328,+525,Travis Browne,+1410,+250,+808
UFC 168: Weidman vs. Silva II,December 28th,Chris Leben,+1380,+500,+633,Uriah Hall,+1000,+125,+220
UFC 168: Weidman vs. Silva II,December 28th,Gleison Tibau,+300,+1095,+230,Michael Johnson,+1565,+400,+250
UFC 168: Weidman vs. Silva II,December 28th,John Howard,+1030,+500,+292,Siyar Bahadurzada,+873,+165,+500
UFC 168: Weidman vs. Silva II,December 28th,Dennis Siver,+655,+300,+115,Manny Gamburyan,+955,+1080,+455
UFC 168: Weidman vs. Silva II,December 28th,Estevan Payan,+900,+600,+344,Robert Peralta,+1065,+180,+269
UFC 168: Weidman vs. Silva II,December 28th,Bobby Voelker,+737,+175,+475,William Macario,+1155,+325,+400
UFC 169: Barao vs. Faber,February 1st,Renan Barao,+525,+525,+101,Urijah Faber,+605,+1415,+665
UFC 169: Barao vs. Faber,February 1st,Jose Aldo,+1444,-155,+300,Ricardo Lamas,+1750,+1400,+1075
UFC 169: Barao vs. Faber,February 1st,Alistair Overeem,+1200,-189,+895,Frank Mir,+870,+800,+1015
UFC 169: Barao vs. Faber,February 1st,Ali Bagautinov,+450,+400,+362,John Lineker,+1345,+403,+350
UFC 169: Barao vs. Faber,February 1st,Abel Trujillo,+1825,+465,+300,Jamie Varner,+621,+420,+230
UFC 169: Barao vs. Faber,February 1st,Alan Patrick,+550,+630,+350,John Makdessi,+1600,+295,+229
UFC 169: Barao vs. Faber,February 1st,Chris Cariaso,+800,+545,+190,Danny Martinez,+1200,+1580,+220
UFC 169: Barao vs. Faber,February 1st,Nick Catone,+1278,+1100,+250,Tom Watson,+1245,+240,+367
UFC 169: Barao vs. Faber,February 1st,Al Iaquinta,+800,+495,+160,Kevin Lee,+400,+1140,+500
UFC 169: Barao vs. Faber,February 1st,Andy Enz,+490,+1160,+375,Clint Hester,+1210,+165,+300
UFC 169: Barao vs. Faber,February 1st,Rashid Magomedov,+913,+245,+245,Tony Martin,+950,+1700,+300
UFC 169: Barao vs. Faber,February 1st,Gasan Umalatov,+400,+685,+185,Neil Magny,+1380,+500,+250
UFC 170: Rousey vs. McMann,February 22nd,Ronda Rousey,-155,+856,+421,Sara McMann,+1990,+1285,+675
UFC 170: Rousey vs. McMann,February 22nd,Daniel Cormier,+1199,-130,+209,Patrick Cummins,+2874,+2100,+1522
UFC 170: Rousey vs. McMann,February 22nd,Demian Maia,+775,+2500,+440,Rory Macdonald,+2184,+405,+105
UFC 170: Rousey vs. McMann,February 22nd,Mike Pyle,+705,+180,+350,T.J. Waldburger,+560,+710,+515
UFC 170: Rousey vs. McMann,February 22nd,Robert Whittaker,+1075,+420,+415,Stephen Thompson,+1889,+350,+215
UFC 170: Rousey vs. McMann,February 22nd,Alexis Davis,+300,+1050,+183,Jessica Eye,+2800,+1050,+180
UFC 170: Rousey vs. McMann,February 22nd,Pedro Munhoz,+1350,+1925,+343,Raphael Assuncao,+485,+425,+100
UFC 170: Rousey vs. McMann,February 22nd,Aljamain Sterling,+195,+900,+140,Cody Gibson,+1350,+1145,+436
UFC 170: Rousey vs. McMann,February 22nd,Josh Sampo,+700,+2255,+329,Zach Makovsky,+435,+750,-110
UFC 170: Rousey vs. McMann,February 22nd,Erik Koch,+600,+110,+275,Rafaello Oliveira,+1200,+1115,+753
UFC 170: Rousey vs. McMann,February 22nd,Ernest Chavez,+1845,+985,+420,Yosdenis Cedeno,+900,+135,+210
UFC 171: Hendricks vs. Lawler,March 15th,Johny Hendricks,+1150,+121,+265,Robbie Lawler,+3150,+475,+975
UFC 171: Hendricks vs. Lawler,March 15th,Carlos Condit,+613,+270,+275,Tyron Woodley,+2500,+725,+260
UFC 171: Hendricks vs. Lawler,March 15th,Diego Sanchez,+1580,+825,+266,Myles Jury,+1245,+500,+125
UFC 171: Hendricks vs. Lawler,March 15th,Hector Lombard,+2500,+155,+390,Jake Shields,+615,+2650,+310
UFC 171: Hendricks vs. Lawler,March 15th,Nikita Krylov,+1300,+700,+900,Ovince St. Preux,+650,+100,+313
UFC 171: Hendricks vs. Lawler,March 15th,Kelvin Gastelum,+400,+450,+188,Rick Story,+1815,+700,+228
UFC 171: Hendricks vs. Lawler,March 15th,Jessica Andrade,+360,+702,+115,Raquel Pennington,+2760,+750,+345
UFC 171: Hendricks vs. Lawler,March 15th,Dennis Bermudez,+1200,+245,+120,Jimy Hettes,+400,+2525,+340
UFC 171: Hendricks vs. Lawler,March 15th,Alex Garcia,+200,+217,+329,Sean Spencer,+1268,+700,+630
UFC 171: Hendricks vs. Lawler,March 15th,Frank Trevino,+990,+450,+305,Renee Forte,+807,+280,+209
UFC 171: Hendricks vs. Lawler,March 15th,Justin Scoggins,+700,+178,+105,Will Campuzano,+1500,+2195,+767
UFC 171: Hendricks vs. Lawler,March 15th,Robert McDaniel,+465,+627,+400,Sean Strickland,+630,+215,+319
UFC 171: Hendricks vs. Lawler,March 15th,Daniel Pineda,+178,+475,+349,Robert Whiteford,+1800,+483,+350
UFC 172: Jones vs. Teixeira,April 26th,Glover Teixeira,+1440,+1000,+1100,Jon Jones,+401,+145,+309
UFC 172: Jones vs. Teixeira,April 26th,Anthony Johnson,+2685,+425,+510,Phil Davis,+185,+1000,+200
UFC 172: Jones vs. Teixeira,April 26th,Luke Rockhold,+450,+145,+175,Tim Boetsch,+2840,+1471,+1220
UFC 172: Jones vs. Teixeira,April 26th,Jim Miller,+426,+1071,+184,Yancy Medeiros,+1515,+482,+409
UFC 172: Jones vs. Teixeira,April 26th,Andre Fili,+600,+325,+220,Max Holloway,+1570,+830,+215
UFC 172: Jones vs. Teixeira,April 26th,Joseph Benavidez,+595,+354,+102,Timothy Elliott,+1605,+895,+585
UFC 172: Jones vs. Teixeira,April 26th,Isaac Vallie-Flagg,+1455,+725,+225,Takanori Gomi,+1145,+425,+142
UFC 172: Jones vs. Teixeira,April 26th,Bethe Correia,+1375,+850,+150,Jessamyn Duke,+650,+700,+168
UFC 172: Jones vs. Teixeira,April 26th,Charlie Brenneman,+1240,+1450,+400,Danny Castillo,+722,+150,+203
UFC 172: Jones vs. Teixeira,April 26th,Chris Beal,+506,+445,+222,Patrick Williams,+934,+425,+306
UFC 173: Barao vs. Dillashaw,May 24th,Renan Barao,+469,+130,+288,T.J. Dillashaw,+2715,+2000,+1030
UFC 173: Barao vs. Dillashaw,May 24th,Dan Henderson,+3250,+838,+1500,Daniel Cormier,+1216,+205,+140
UFC 173: Barao vs. Dillashaw,May 24th,Jake Ellenberger,+1415,+545,+450,Robbie Lawler,+2250,+185,+265
UFC 173: Barao vs. Dillashaw,May 24th,Francisco Rivera,+2075,+400,+432,Takeya Mizugaki,+1000,+700,+140
UFC 173: Barao vs. Dillashaw,May 24th,James Krause,+680,+1215,+400,Jamie Varner,+663,+345,+207
UFC 173: Barao vs. Dillashaw,May 24th,Francisco Trinaldo,+675,+630,+398,Michael Chiesa,+205,+1200,+509
UFC 173: Barao vs. Dillashaw,May 24th,Katsunori Kikuno,+1535,+575,+555,Tony Ferguson,+507,+210,+176
UFC 173: Barao vs. Dillashaw,May 24th,Chico Camus,+2875,+2000,+332,Chris Holdsworth,+100,+735,+313
UFC 173: Barao vs. Dillashaw,May 24th,Al Iaquinta,+500,+243,+129,Mitch Clarke,+550,+1730,+1081
UFC 173: Barao vs. Dillashaw,May 24th,Anthony Njokuani,+1835,+170,+170,Vinc Pichel,+790,+665,+517
UFC 173: Barao vs. Dillashaw,May 24th,David Michaud,+455,+505,+230,Jingliang Li,+380,+800,+330
UFC 173: Barao vs. Dillashaw,May 24th,Aaron Phillips,+1185,+350,+425,Sam Sicilia,+750,+185,+323
UFC 177: Dillashaw vs. Soto,August 30th,Joe Soto,+1910,+1450,+1800,T.J. Dillashaw,+400,-175,+500
UFC 177: Dillashaw vs. Soto,August 30th,Danny Castillo,+2700,+1050,+330,Tony Ferguson,+500,+150,+250
UFC 177: Dillashaw vs. Soto,August 30th,Bethe Correia,+2000,+450,+120,Shayna Baszler,+450,+1750,+250
UFC 177: Dillashaw vs. Soto,August 30th,Carlos Diego Ferreira,+170,+635,+325,Ramsey Nijem,+1630,+560,+400
UFC 177: Dillashaw vs. Soto,August 30th,Damon Jackson,+225,+1520,+411,Yancy Medeiros,+1330,+235,+350
UFC 177: Dillashaw vs. Soto,August 30th,Derek Brunson,+1000,+620,+180,Lorenz Larkin,+2770,+400,+280
UFC 177: Dillashaw vs. Soto,August 30th,Anthony Hamilton,+1150,+115,+354,Ruan Potts,+478,+420,+1200
UFC 177: Dillashaw vs. Soto,August 30th,Cain Carrizosa,+550,+450,+282,Chris Wade,+455,+1075,+175
UFC 178: Johnson vs. Cariaso,September 27th,Chris Cariaso,+2300,+1745,+2700,Demetrious Johnson,+276,+260,+178
UFC 178: Johnson vs. Cariaso,September 27th,Donald Cerrone,+469,+489,+350,Eddie Alvarez,+950,+459,+320
UFC 178: Johnson vs. Cariaso,September 27th,Conor McGregor,+1400,+100,+297,Dustin Poirier,+695,+980,+618
UFC 178: Johnson vs. Cariaso,September 27th,Tim Kennedy,+628,+700,+250,Yoel Romero,+2000,+296,+291
UFC 178: Johnson vs. Cariaso,September 27th,Amanda Nunes,+1800,+503,+475,Cat Zingano,+695,+300,+196
UFC 178: Johnson vs. Cariaso,September 27th,Dominick Cruz,+1200,+420,-149,Takeya Mizugaki,+1800,+1395,+685
UFC 178: Johnson vs. Cariaso,September 27th,James Krause,+1200,+2050,+475,Jorge Masvidal,+570,+363,-101
UFC 178: Johnson vs. Cariaso,September 27th,Patrick Cote,+1350,+900,+650,Stephen Thompson,+1435,+130,+166
UFC 178: Johnson vs. Cariaso,September 27th,Brian Ebersole,+1030,+1655,+315,John Howard,+600,+435,+100
UFC 178: Johnson vs. Cariaso,September 27th,Jon Tuck,+670,+700,+515,Kevin Lee,+585,+535,-110
UFC 178: Johnson vs. Cariaso,September 27th,Cody Gibson,+1350,+404,+118,Manny Gamburyan,+680,+900,+330
UFC 179: Aldo vs. Mendes II,October 25th,Chad Mendes,+3000,+600,+407,Jose Aldo,+1400,+125,+296
UFC 179: Aldo vs. Mendes II,October 25th,Glover Teixeira,+1200,+248,+125,Phil Davis,+2000,+1800,+325
UFC 179: Aldo vs. Mendes II,October 25th,Fabio Maldonado,+1500,+314,+210,Hans Stringer,+1300,+631,+251
UFC 179: Aldo vs. Mendes II,October 25th,Darren Elkins,+654,+755,+125,Lucas Martins,+1255,+549,+553
UFC 179: Aldo vs. Mendes II,October 25th,Beneil Dariush,+1400,+800,+415,Carlos Diego Ferreira,+375,+340,+210
UFC 179: Aldo vs. Mendes II,October 25th,Neil Magny,+800,+555,-105,William Macario,+1550,+452,+501
UFC 179: Aldo vs. Mendes II,October 25th,Naoyuki Kotani,+2030,+2400,+679,Yan Cabral,+157,+478,+201
UFC 179: Aldo vs. Mendes II,October 25th,Scott Jorgensen,+1300,+771,+287,Wilson Reis,+461,+1000,+150
UFC 179: Aldo vs. Mendes II,October 25th,Andre Fili,+700,+398,+220,Felipe Arantes,+1060,+1300,+200
UFC 179: Aldo vs. Mendes II,October 25th,Christos Giagos,+2000,+698,+800,Gilbert Burns,+175,+394,+254
UFC 179: Aldo vs. Mendes II,October 25th,Fabricio Camoes,+222,+900,+444,Tony Martin,+403,+800,+331
UFC 180: Werdum vs. Hunt,November 15th,Fabricio Werdum,-110,+410,+425,Mark Hunt,+4000,+398,+2300
UFC 180: Werdum vs. Hunt,November 15th,Jake Ellenberger,+1300,+425,+429,Kelvin Gastelum,+720,+345,+175
UFC 180: Werdum vs. Hunt,November 15th,Dennis Bermudez,+800,+460,+155,Ricardo Lamas,+750,+835,+386
UFC 180: Werdum vs. Hunt,November 15th,Augusto Montano,+485,+105,+674,Chris Heatherly,+599,+1065,+500
UFC 180: Werdum vs. Hunt,November 15th,Edgar Garcia,+401,+283,+276,Hector Urbina,+775,+442,+560
UFC 180: Werdum vs. Hunt,November 15th,Leonardo Morales,+1050,+500,+301,Yair Rodriguez,+511,+360,+210
UFC 180: Werdum vs. Hunt,November 15th,Alejandro Perez,+713,+625,+400,Jose Quinonez,+1000,+445,+133
UFC 180: Werdum vs. Hunt,November 15th,Jessica Eye,+657,+580,-115,Leslie Smith,+2150,+700,+397
UFC 180: Werdum vs. Hunt,November 15th,Gabriel Benitez,+250,+225,+234,Humberto Brown,+1405,+1135,+614
UFC 180: Werdum vs. Hunt,November 15th,Guido Cannetti,+585,+335,+416,Henry Briones,+620,+315,+295
UFC 180: Werdum vs. Hunt,November 15th,Marco Antonio Beltran,+815,+645,+450,Marlon Vera,+300,+253,+275
UFC 182: Jones vs. Cormier,January 3rd,Daniel Cormier,+1275,+800,+320,Jon Jones,+600,+285,+240
UFC 182: Jones vs. Cormier,January 3rd,Donald Cerrone,+560,+380,+228,Myles Jury,+1520,+575,+260
UFC 182: Jones vs. Cormier,January 3rd,Brad Tavares,+1255,+415,+295,Nate Marquardt,+365,+387,+492
UFC 182: Jones vs. Cormier,January 3rd,Kyoji Horiguchi,+1142,+125,+148,Louis Gaudinot,+1415,+1600,+1098
UFC 182: Jones vs. Cormier,January 3rd,Hector Lombard,+900,-125,+228,Josh Burkman,+2200,+2500,+1270
UFC 182: Jones vs. Cormier,January 3rd,Danny Castillo,+501,+320,+160,Paul Felder,+1600,+499,+465
UFC 182: Jones vs. Cormier,January 3rd,Cody Garbrandt,+1770,+333,+403,Marcus Brimage,+1428,+240,+285
UFC 182: Jones vs. Cormier,January 3rd,Jared Cannonier,+1465,+298,+1125,Shawn Jordan,+1180,-120,+603
UFC 182: Jones vs. Cormier,January 3rd,Evan Dunham,+800,+225,-110,Rodrigo Damm,+1965,+1600,+800
UFC 182: Jones vs. Cormier,January 3rd,Mats Nilsson,+401,+1040,+451,Omari Akhmedov,+943,+149,+443
UFC 182: Jones vs. Cormier,January 3rd,Alexis Dufresne,+646,+400,+160,Marion Reneau,+1165,+1200,+252
UFC 183: Silva vs. Diaz,January 31st,Anderson Silva,+900,-140,+423,Nick Diaz,+1500,+700,+1100
UFC 183: Silva vs. Diaz,January 31st,Kelvin Gastelum,+775,+700,+330,Tyron Woodley,+1395,+287,+264
UFC 183: Silva vs. Diaz,January 31st,Al Iaquinta,+1200,+210,+226,Joe Lauzon,+300,+1200,+725
UFC 183: Silva vs. Diaz,January 31st,Thales Leites,+215,+450,+206,Tim Boetsch,+2800,+635,+850
UFC 183: Silva vs. Diaz,January 31st,Jordan Mein,+1000,+325,+292,Thiago Alves,+800,+565,+278
UFC 183: Silva vs. Diaz,January 31st,Miesha Tate,+700,+1250,+330,Sara McMann,+1200,+525,+145
UFC 183: Silva vs. Diaz,January 31st,Derek Brunson,+335,+426,-109,Ed Herman,+1430,+1300,+1090
UFC 183: Silva vs. Diaz,January 31st,Ian McCall,+617,+516,+125,John Lineker,+2365,+625,+598
UFC 183: Silva vs. Diaz,January 31st,Rafael Natal,+415,+654,+225,Tom Watson,+2530,+350,+310
UFC 183: Silva vs. Diaz,January 31st,Ildemar Alcantara,+479,+265,+220,Richardson Moreira,+507,+525,+475
UFC 183: Silva vs. Diaz,January 31st,Andy Enz,+800,+1725,+227,Thiago Santos,+943,+285,+181
UFC 184: Rousey vs. Zingano,February 28th,Cat Zingano,+1400,+800,+1500,Ronda Rousey,-173,+329,+1301
UFC 184: Rousey vs. Zingano,February 28th,Holly Holm,+2300,+150,+135,Raquel Pennington,+1600,+1600,+1200
UFC 184: Rousey vs. Zingano,February 28th,Jake Ellenberger,+1740,+170,+317,Josh Koscheck,+1055,+700,+378
UFC 184: Rousey vs. Zingano,February 28th,Alan Jouban,+950,+180,+202,Richard Walsh,+1400,+1100,+500
UFC 184: Rousey vs. Zingano,February 28th,Gleison Tibau,+1300,+1200,+325,Tony Ferguson,+500,+280,+225
UFC 184: Rousey vs. Zingano,February 28th,Mark Munoz,+1245,+200,+158,Roan Carneiro,+615,+800,+763
UFC 184: Rousey vs. Zingano,February 28th,Norifumi Yamamoto,+1495,+165,+320,Roman Salazar,+620,+666,+450
UFC 184: Rousey vs. Zingano,February 28th,Dhiego Lima,+628,+640,+260,Tim Means,+1245,+276,+201
UFC 184: Rousey vs. Zingano,February 28th,Derrick Lewis,+1980,-269,+669,Ruan Potts,+1375,+800,+1400
UFC 184: Rousey vs. Zingano,February 28th,James Krause,+350,+488,+200,Valmir Lazaro,+1307,+365,+492
UFC 184: Rousey vs. Zingano,February 28th,Alexander Torres,+664,+390,+425,Masio Fullen,+443,+446,+415
UFC 186: Johnson vs. Horiguchi,April 25th,Demetrious Johnson,+160,+600,+130,Kyoji Horiguchi,+2550,+1075,+1650
UFC 186: Johnson vs. Horiguchi,April 25th,C.B. Dollaway,+1225,+715,+250,Michael Bisping,+1070,+400,+163
UFC 186: Johnson vs. Horiguchi,April 25th,Fabio Maldonado,+1670,+500,+525,Quinton Jackson,+1595,+250,+176
UFC 186: Johnson vs. Horiguchi,April 25th,John Makdessi,+1360,+425,+178,Shane Campbell,+800,+375,+450
UFC 186: Johnson vs. Horiguchi,April 25th,Thomas Almeida,+950,-125,+255,Yves Jabouin,+2220,+1425,+550
UFC 186: Johnson vs. Horiguchi,April 25th,Joe Riggs,+1000,+600,+475,Patrick Cote,+800,+200,+235
UFC 186: Johnson vs. Horiguchi,April 25th,Alexis Davis,+850,+1780,+270,Sarah Kaufman,+1385,+390,+120
UFC 186: Johnson vs. Horiguchi,April 25th,Bryan Barberena,+1970,+1050,+600,Chad Laprise,+550,+300,+105
UFC 186: Johnson vs. Horiguchi,April 25th,David Michaud,+1200,+1575,+450,Olivier Aubin-Mercier,+180,+686,+160
UFC 186: Johnson vs. Horiguchi,April 25th,Chris Clements,+1880,+500,+510,Nordine Taleb,+600,+210,+193
UFC 186: Johnson vs. Horiguchi,April 25th,Jessica Rakoczy,+1000,+485,+300,Valerie Letourneau,+750,+486,+191
UFC 186: Johnson vs. Horiguchi,April 25th,Aisling Daly,+800,+1650,+459,Randa Markos,+420,+734,+135
UFC 187: Johnson vs. Cormier,May 23rd,Anthony Johnson,+3300,+160,+475,Daniel Cormier,+724,+500,+275
UFC 187: Johnson vs. Cormier,May 23rd,Chris Weidman,+350,+150,+528,Vitor Belfort,+2500,+585,+1200
UFC 187: Johnson vs. Cormier,May 23rd,Donald Cerrone,+220,+360,+150,John Makdessi,+3300,+1175,+940
UFC 187: Johnson vs. Cormier,May 23rd,Andrei Arlovski,+2200,+675,+675,Travis Browne,+1600,-165,+600
UFC 187: Johnson vs. Cormier,May 23rd,John Moraga,+1525,+1600,+900,Joseph Benavidez,+333,+505,-125
UFC 187: Johnson vs. Cormier,May 23rd,John Dodson,+1408,+180,-115,Zach Makovsky,+1780,+2200,+755
UFC 187: Johnson vs. Cormier,May 23rd,Dong Hyun Kim,+580,+605,+102,Josh Burkman,+1420,+350,+593
UFC 187: Johnson vs. Cormier,May 23rd,Rafael Natal,+1225,+1320,+595,Uriah Hall,+1855,-105,+199
UFC 187: Johnson vs. Cormier,May 23rd,Colby Covington,+260,+220,+191,Mike Pyle,+575,+700,+690
UFC 187: Johnson vs. Cormier,May 23rd,Islam Makhachev,+175,+535,+160,Leo Kuntz,+1700,+900,+553
UFC 187: Johnson vs. Cormier,May 23rd,Josh Sampo,+1125,+2500,+605,Justin Scoggins,+750,+169,+135
UFC 188: Velasquez vs. Werdum,June 13th,Cain Velasquez,+1495,-135,+320,Fabricio Werdum,+800,+1050,+1000
UFC 188: Velasquez vs. Werdum,June 13th,Eddie Alvarez,+800,+600,+275,Gilbert Melendez,+1000,+530,+150
UFC 188: Velasquez vs. Werdum,June 13th,Kelvin Gastelum,+400,+200,+160,Nate Marquardt,+1200,+925,+1500
UFC 188: Velasquez vs. Werdum,June 13th,Charles Rosa,+240,+425,+225,Yair Rodriguez,+1000,+1255,+305
UFC 188: Velasquez vs. Werdum,June 13th,Angela Hill,+1780,+700,+500,Tecia Torres,+350,+1235,+100
UFC 188: Velasquez vs. Werdum,June 13th,Chico Camus,+2615,+1950,+1550,Henry Cejudo,+370,+482,-180
UFC 188: Velasquez vs. Werdum,June 13th,Drew Dober,+772,+685,+148,Efrain Escudero,+600,+1000,+250
UFC 188: Velasquez vs. Werdum,June 13th,Alejandro Perez,+420,+300,+293,Patrick Williams,+800,+525,+400
UFC 188: Velasquez vs. Werdum,June 13th,Francisco Trevino,+1320,+1325,+675,Johnny Case,+400,+175,+168
UFC 188: Velasquez vs. Werdum,June 13th,Augusto Montano,+870,+190,+600,Cathal Pendred,+500,+800,+300
UFC 188: Velasquez vs. Werdum,June 13th,Clay Collard,+791,+255,+150,Gabriel Benitez,+650,+1300,+450
UFC 189: Mendes vs. McGregor,July 11th,Chad Mendes,+650,+500,+500,Conor McGregor,+1800,-110,+600
UFC 189: Mendes vs. McGregor,July 11th,Robbie Lawler,+2525,+400,+324,Rory Macdonald,+516,+505,+190
UFC 189: Mendes vs. McGregor,July 11th,Dennis Bermudez,+570,+725,+110,Jeremy Stephens,+2685,+350,+1040
UFC 189: Mendes vs. McGregor,July 11th,Brandon Thatch,+2675,+160,+330,Gunnar Nelson,+300,+1520,+500
UFC 189: Mendes vs. McGregor,July 11th,Brad Pickett,+1600,+1600,+1000,Thomas Almeida,+775,-110,+250
UFC 189: Mendes vs. McGregor,July 11th,Matt Brown,+903,+240,+269,Tim Means,+766,+600,+350
UFC 189: Mendes vs. McGregor,July 11th,Cathal Pendred,+1160,+525,+150,John Howard,+1200,+455,+240
UFC 189: Mendes vs. McGregor,July 11th,Alex Garcia,+500,+100,+411,Mike Swick,+1500,+775,+800
UFC 189: Mendes vs. McGregor,July 11th,Cody Garbrandt,+800,-155,+350,Henry Briones,+2095,+1500,+1002
UFC 189: Mendes vs. McGregor,July 11th,Louis Smolka,+600,+755,+200,Neil Seery,+750,+500,+220
UFC 189: Mendes vs. McGregor,July 11th,Cody Pfister,+1265,+1400,+300,Yosdenis Cedeno,+878,+225,+199
UFC 192: Cormier vs. Gustafsson,October 3rd,Alexander Gustafsson,+1500,+700,+500,Daniel Cormier,+400,+400,+170
UFC 192: Cormier vs. Gustafsson,October 3rd,Rashad Evans,+913,+425,+184,Ryan Bader,+1620,+1000,+185
UFC 192: Cormier vs. Gustafsson,October 3rd,Jessica Eye,+2095,+850,+320,Julianna Pena,+550,+550,+135
UFC 192: Cormier vs. Gustafsson,October 3rd,Ruslan Magomedov,+1100,+190,+265,Shawn Jordan,+1800,+245,+976
UFC 192: Cormier vs. Gustafsson,October 3rd,Ali Bagautinov,+1970,+1300,+480,Joseph Benavidez,+600,+600,-130
UFC 192: Cormier vs. Gustafsson,October 3rd,Daniel Hooker,+1400,+650,+594,Yair Rodriguez,+500,+410,+135
UFC 192: Cormier vs. Gustafsson,October 3rd,Alan Jouban,+1600,+500,+554,Albert Tumenov,+1300,+155,+275
UFC 192: Cormier vs. Gustafsson,October 3rd,Angela Hill,+1600,+981,+330,Rose Namajunas,+180,+815,+230
UFC 192: Cormier vs. Gustafsson,October 3rd,Adriano Martins,+1278,+575,+230,Islam Makhachev,+1400,+400,+249
UFC 192: Cormier vs. Gustafsson,October 3rd,Chris Cariaso,+1400,+710,+275,Sergio Pettis,+970,+500,+140
UFC 192: Cormier vs. Gustafsson,October 3rd,Derrick Lewis,+2400,+185,+1550,Viktor Pesta,+750,+165,+525
UFC 192: Cormier vs. Gustafsson,October 3rd,Francisco Trevino,+2055,+1100,+642,Sage Northcutt,+350,+280,+160
UFC 193: Rousey vs. Holm,November 14th,Holly Holm,+4300,+1200,+2500,Ronda Rousey,-185,+320,+1390
UFC 193: Rousey vs. Holm,November 14th,Joanna Jedrzejczyk,+1620,-250,+350,Valerie Letourneau,+2400,+1800,+2100
UFC 193: Rousey vs. Holm,November 14th,Antonio Silva,+1030,+420,+800,Mark Hunt,+3400,-190,+1105
UFC 193: Rousey vs. Holm,November 14th,Robert Whittaker,+1500,+455,+275,Urijah Hall,+1290,+200,+350
UFC 193: Rousey vs. Holm,November 14th,Jared Rosholt,+1840,+675,+225,Stefan Struve,+325,+250,+600
UFC 193: Rousey vs. Holm,November 14th,Akbarh Arreola,+1380,+2455,+1441,Jake Matthews,+300,+200,+153
UFC 193: Rousey vs. Holm,November 14th,Kyle Noke,+2600,+1060,+225,Peter Sobotta,+500,+610,+185
UFC 193: Rousey vs. Holm,November 14th,Anthony Perosh,+675,+1000,+1450,Gian Villante,+1500,-180,+600
UFC 193: Rousey vs. Holm,November 14th,Danny Martinez,+1085,+400,+225,Richie Vaculik,+550,+1275,+200
UFC 193: Rousey vs. Holm,November 14th,Anton Zafir,+1150,+1750,+600,James Moontasri,+550,+200,+197
UFC 193: Rousey vs. Holm,November 14th,Richard Walsh,+1100,+225,+138,Steven Kennedy,+1330,+1550,+500
UFC 193: Rousey vs. Holm,November 14th,Daniel Kelly,+426,+800,+1080,Steve Montgomery,+750,-140,+600
UFC 193: Rousey vs. Holm,November 14th,Ben Nguyen,+885,+310,+275,Ryan Benoit,+1000,+400,+338
UFC 194: Aldo vs. McGregor,December 12th,Conor McGregor,+1800,+175,+800,Jose Aldo,+600,+340,+483
UFC 194: Aldo vs. McGregor,December 12th,Chris Weidman,+750,+265,+302,Luke Rockhold,+621,+525,+450
UFC 194: Aldo vs. McGregor,December 12th,Ronaldo Souza,+285,+610,+298,Yoel Romero,+3000,+210,+539
UFC 194: Aldo vs. McGregor,December 12th,Demian Maia,+535,+1200,+175,Gunnar Nelson,+877,+500,+250
UFC 194: Aldo vs. McGregor,December 12th,Jeremy Stephens,+2130,+915,+1000,Max Holloway,+550,+300,-108
UFC 194: Aldo vs. McGregor,December 12th,Frankie Saenz,+2500,+2000,+800,Urijah Faber,+175,+575,+138
UFC 194: Aldo vs. McGregor,December 12th,Jocelyn Jones-Lybarger,+951,+670,+625,Tecia Torres,+800,+650,-155
UFC 194: Aldo vs. McGregor,December 12th,Colby Covington,+928,+610,+225,Warlley Alves,+350,+700,+377
UFC 194: Aldo vs. McGregor,December 12th,Kevin Lee,+316,+325,+113,Leonardo Santos,+1435,+2305,+800
UFC 194: Aldo vs. McGregor,December 12th,Joe Proctor,+1520,+1215,+465,Magomed Mustafaev,+685,+170,+165
UFC 194: Aldo vs. McGregor,December 12th,Court McGee,+449,+600,+140,Marcio Alexandre Jr.,+1370,+410,+500
UFC 194: Aldo vs. McGregor,December 12th,John Makdessi,+1400,+185,+275,Yancy Medeiros,+645,+545,+500
UFC 195: Lawler vs. Condit,January 2nd,Carlos Condit,+750,+400,+424,Robbie Lawler,+2000,+275,+330
UFC 195: Lawler vs. Condit,January 2nd,Andrei Arlovski,+1875,+380,+600,Stipe Miocic,+1850,+165,+225
UFC 195: Lawler vs. Condit,January 2nd,Albert Tumenov,+1805,+105,+330,Lorenz Larkin,+2395,+610,+500
UFC 195: Lawler vs. Condit,January 2nd,Brian Ortega,+286,+330,+380,Diego Brandao,+1000,+600,+450
UFC 195: Lawler vs. Condit,January 2nd,Abel Trujillo,+1725,+240,+435,Tony Sims,+768,+175,+380
UFC 195: Lawler vs. Condit,January 2nd,Masanori Kanehara,+2425,+1390,+620,Michael McDonald,+650,-105,+230
UFC 195: Lawler vs. Condit,January 2nd,Alex Morono,+974,+620,+850,Kyle Noke,+681,+385,+100
UFC 195: Lawler vs. Condit,January 2nd,Justine Kish,+607,+605,+103,Nina Ansaroff,+1000,+650,+320
UFC 195: Lawler vs. Condit,January 2nd,Drew Dober,+1520,+1250,+240,Scott Holtzman,+675,+375,+145
UFC 195: Lawler vs. Condit,January 2nd,Dustin Poirier,+900,+750,+545,Joseph Duffy,+350,+205,+450
UFC 195: Lawler vs. Condit,January 2nd,Joe Soto,+758,+575,+249,Michinori Tanaka,+550,+540,+177
UFC 195: Lawler vs. Condit,January 2nd,Edgar Garcia,+930,+380,+450,Sheldon Westcott,+175,+581,+383
UFC 196: McGregor vs. Diaz,March 5th,Conor McGregor,+1800,-190,+800,Nate Diaz,+700,+1050,+1060
UFC 196: McGregor vs. Diaz,March 5th,Holly Holm,+1600,+160,+185,Miesha Tate,+600,+1050,+650
UFC 196: McGregor vs. Diaz,March 5th,Gian Villante,+1500,+350,+550,Ilir Latifi,+1205,+115,+450
UFC 196: McGregor vs. Diaz,March 5th,Corey Anderson,+1300,+525,-110,Tom Lawlor,+950,+600,+920
UFC 196: McGregor vs. Diaz,March 5th,Amanda Nunes,+650,+290,+404,Valentina Shevchenko,+850,+500,+300
UFC 196: McGregor vs. Diaz,March 5th,Brandon Thatch,+536,+100,+400,Siyar Bahadurzada,+1930,+405,+1015
UFC 196: McGregor vs. Diaz,March 5th,Erick Silva,+180,+350,+381,Nordine Taleb,+2500,+632,+350
UFC 196: McGregor vs. Diaz,March 5th,Marcelo Guimaraes,+1425,+1200,+419,Vitor Miranda,+1805,-103,+230
UFC 196: McGregor vs. Diaz,March 5th,Chas Skelly,+330,+890,+175,Darren Elkins,+1550,+1275,+181
UFC 196: McGregor vs. Diaz,March 5th,Diego Sanchez,+1150,+1070,+244,Jim Miller,+465,+790,+130
UFC 196: McGregor vs. Diaz,March 5th,Jason Saggo,+160,+696,+290,Justin Salas,+1520,+1075,+266
UFC 196: McGregor vs. Diaz,March 5th,Julian Erosa,+340,+676,+169,Teruto Ishihara,+1900,+430,+340
UFC 198: Werdum vs. Miocic,May 14th,Fabricio Werdum,+250,+305,+450,Stipe Miocic,+3000,+333,+508
UFC 198: Werdum vs. Miocic,May 14th,Ronaldo Souza,-105,+450,+549,Vitor Belfort,+2700,+400,+1450
UFC 198: Werdum vs. Miocic,May 14th,Cristiane Justino,+765,-405,+900,Leslie Smith,+2950,+2000,+2000
UFC 198: Werdum vs. Miocic,May 14th,Corey Anderson,+800,+500,+121,Mauricio Rua,+822,+350,+500
UFC 198: Werdum vs. Miocic,May 14th,Bryan Barberena,+1665,+1175,+825,Warlley Alves,+115,+505,+260
UFC 198: Werdum vs. Miocic,May 14th,Demian Maia,+121,+925,+230,Matt Brown,+2050,+550,+590
UFC 198: Werdum vs. Miocic,May 14th,Nate Marquardt,+815,+787,+850,Thiago Santos,+1253,-165,+506
UFC 198: Werdum vs. Miocic,May 14th,Francisco Trinaldo,+400,+340,+179,Yancy Medeiros,+925,+815,+405
UFC 198: Werdum vs. Miocic,May 14th,John Lineker,+900,+260,+355,Rob Font,+800,+445,+350
UFC 198: Werdum vs. Miocic,May 14th,Antonio Rogerio Nogueira,+634,+530,+900,Patrick Cummins,+1375,+320,+115
UFC 198: Werdum vs. Miocic,May 14th,Luan Chagas,+2500,+639,+900,Sergio Moraes,-130,+626,+350
UFC 198: Werdum vs. Miocic,May 14th,Renato Moicano,+655,+910,+333,Zubaira Tukhugov,+1250,+260,+332
UFC 199: Rockhold vs. Bisping II,June 4th,Luke Rockhold,+200,-110,+900,Michael Bisping,+3500,+1000,+1200
UFC 199: Rockhold vs. Bisping II,June 4th,Dominick Cruz,+1382,+465,-140,Urijah Faber,+1225,+1400,+900
UFC 199: Rockhold vs. Bisping II,June 4th,Max Holloway,+900,+285,+105,Ricardo Lamas,+1390,+1600,+400
UFC 199: Rockhold vs. Bisping II,June 4th,Dan Henderson,+1830,+460,+1150,Hector Lombard,+1595,-185,+670
UFC 199: Rockhold vs. Bisping II,June 4th,Bobby Green,+1600,+900,+320,Dustin Poirier,+675,+540,+162
UFC 199: Rockhold vs. Bisping II,June 4th,Brian Ortega,+135,+750,+325,Clay Guida,+2830,+2400,+300
UFC 199: Rockhold vs. Bisping II,June 4th,Beneil Dariush,+425,+864,+170,James Vick,+1100,+900,+320
UFC 199: Rockhold vs. Bisping II,June 4th,Alex Caceres,+1600,+951,+280,Cole Miller,+260,+600,+206
UFC 199: Rockhold vs. Bisping II,June 4th,Jessica Andrade,+1300,+1100,+160,Jessica Penne,+340,+800,+255
UFC 199: Rockhold vs. Bisping II,June 4th,Sean Strickland,+1000,+610,+215,Tom Breese,+670,+675,+205
UFC 199: Rockhold vs. Bisping II,June 4th,Jonathan Wilson,+1100,+195,+585,Luiz Henrique da Silva,+1200,+455,+900
UFC 199: Rockhold vs. Bisping II,June 4th,Elvis Mutapcic,+1650,+355,+450,Kevin Casey,+1000,+700,+900
UFC 199: Rockhold vs. Bisping II,June 4th,Dong Hyun Ma,+600,+505,+425,Polo Reyes,+1800,+220,+1000
UFC 200: Tate vs. Nunes,July 9th,Amanda Nunes,+1100,+449,+1084,Miesha Tate,+175,+600,+330
UFC 200: Tate vs. Nunes,July 9th,Brock Lesnar,+700,+410,+775,Mark Hunt,+1800,-119,+1200
UFC 200: Tate vs. Nunes,July 9th,Anderson Silva,+1600,+700,+1200,Daniel Cormier,+350,+150,+260
UFC 200: Tate vs. Nunes,July 9th,Frankie Edgar,+785,+375,+300,Jose Aldo,+1200,+430,+300
UFC 200: Tate vs. Nunes,July 9th,Cain Velasquez,+1400,-105,+350,Travis Browne,+1900,+485,+1075
UFC 200: Tate vs. Nunes,July 9th,Cat Zingano,+1000,+350,+200,Julianna Pena,+1000,+650,+320
UFC 200: Tate vs. Nunes,July 9th,Johny Hendricks,+1220,+480,+190,Kelvin Gastelum,+1000,+800,+300
UFC 200: Tate vs. Nunes,July 9th,Raphael Assuncao,+1310,+1200,+550,T.J. Dillashaw,+900,+265,-108
UFC 200: Tate vs. Nunes,July 9th,Enrique Marin,+675,+1370,+715,Sage Northcutt,+325,+150,+525
UFC 200: Tate vs. Nunes,July 9th,Diego Sanchez,+900,+645,+185,Joe Lauzon,+625,+805,+200
UFC 200: Tate vs. Nunes,July 9th,Gegard Mousasi,+350,+300,+187,Thiago Santos,+1378,+450,+461
UFC 200: Tate vs. Nunes,July 9th,Jim Miller,+150,+660,+350,Takanori Gomi,+2250,+580,+600
UFC 202: Diaz vs. McGregor 2,August 20th,Conor McGregor,+2000,+145,+800,Nate Diaz,+265,+600,+720
UFC 202: Diaz vs. McGregor 2,August 20th,Anthony Johnson,+2800,-128,+600,Glover Teixeira,+600,+842,+775
UFC 202: Diaz vs. McGregor 2,August 20th,Donald Cerrone,+436,+500,+244,Rick Story,+1600,+650,+250
UFC 202: Diaz vs. McGregor 2,August 20th,Hyun Gyu Lim,+1200,-125,+450,Mike Perry,+1250,+500,+800
UFC 202: Diaz vs. McGregor 2,August 20th,Sabah Homasi,+1400,+620,+1000,Tim Means,+800,+100,+320
UFC 202: Diaz vs. McGregor 2,August 20th,Cody Garbrandt,+1030,+100,+240,Takeya Mizugaki,+2100,+1400,+705
UFC 202: Diaz vs. McGregor 2,August 20th,Elizabeth Phillips,+1950,+1200,+400,Raquel Pennington,+400,+700,+110
UFC 202: Diaz vs. McGregor 2,August 20th,Artem Lobov,+1225,+200,+400,Chris Avila,+600,+645,+275
UFC 202: Diaz vs. McGregor 2,August 20th,Cortney Casey,+755,+600,+400,Randa Markos,+505,+955,+154
UFC 202: Diaz vs. McGregor 2,August 20th,Lorenz Larkin,+2800,+400,+275,Neil Magny,+650,+685,+175
UFC 202: Diaz vs. McGregor 2,August 20th,Colby Covington,+350,+600,+106,Max Griffin,+1405,+660,+626
UFC 202: Diaz vs. McGregor 2,August 20th,Alberto Uda,+600,+500,+648,Marvin Vettori,+325,+400,+377
UFC 203: Miocic vs. Overeem,September 10th,Alistair Overeem,+1300,+176,+800,Stipe Miocic,+2800,+140,+925
UFC 203: Miocic vs. Overeem,September 10th,Fabricio Werdum,+275,+400,+260,Travis Browne,+3000,+313,+800
UFC 203: Miocic vs. Overeem,September 10th,Cm Punk,+1000,+900,+1000,Mickey Gall,+125,+250,+800
UFC 203: Miocic vs. Overeem,September 10th,Jimmie Rivera,+1600,+350,+150,Urijah Faber,+550,+1250,+320
UFC 203: Miocic vs. Overeem,September 10th,Jessica Andrade,+425,+375,+305,Joanne Calderwood,+1600,+900,+225
UFC 203: Miocic vs. Overeem,September 10th,Bethe Correia,+1600,+900,+200,Jessica Eye,+1550,+387,+150
UFC 203: Miocic vs. Overeem,September 10th,Michael McBride,+1100,+1715,+1000,Nik Lentz,+500,+334,-101
UFC 203: Miocic vs. Overeem,September 10th,Brad Tavares,+1445,+250,+175,Caio Magalhaes,+550,+550,+850
UFC 203: Miocic vs. Overeem,September 10th,Sean Spencer,+1175,+510,+205,Yancy Medeiros,+500,+434,+276
UFC 203: Miocic vs. Overeem,September 10th,Drew Dober,+600,+535,+155,Jason Gonzalez,+555,+595,+400
UFC 204: Bisping vs. Henderson 2,October 8th,Dan Henderson,+2200,+300,+1300,Michael Bisping,+1400,+110,+355
UFC 204: Bisping vs. Henderson 2,October 8th,Gegard Mousasi,+500,-110,+575,Vitor Belfort,+1250,+450,+1105
UFC 204: Bisping vs. Henderson 2,October 8th,Jimi Manuwa,+1600,+281,+1000,Ovince St. Preux,+600,+186,+600
UFC 204: Bisping vs. Henderson 2,October 8th,Daniel Omielanczuk,+1300,+441,+500,Stefan Struve,+550,+250,+335
UFC 204: Bisping vs. Henderson 2,October 8th,Mirsad Bektic,+500,+200,+164,Russell Doane,+1600,+1400,+1040
UFC 204: Bisping vs. Henderson 2,October 8th,Brad Pickett,+1080,+800,+225,Iuri Alcantara,+606,+360,+220
UFC 204: Bisping vs. Henderson 2,October 8th,Damian Stasiak,+600,+1200,+343,Davey Grant,+400,+840,+150
UFC 204: Bisping vs. Henderson 2,October 8th,Albert Tumenov,+1200,+167,+274,Leon Edwards,+1400,+800,+400
UFC 204: Bisping vs. Henderson 2,October 8th,Lukasz Sajewski,+1000,+1400,+515,Marc Diakiese,+900,+245,+200
UFC 204: Bisping vs. Henderson 2,October 8th,Danny Roberts,+400,+375,+550,Mike Perry,+1000,+201,+750
UFC 204: Bisping vs. Henderson 2,October 8th,Adriano Martins,+600,+240,+241,Leonardo Santos,+600,+719,+500
UFC 205: Alvarez vs. McGregor,November 12th,Conor McGregor,+1600,+110,+800,Eddie Alvarez,+500,+450,+550
UFC 205: Alvarez vs. McGregor,November 12th,Stephen Thompson,+1600,+160,+310,Tyron Woodley,+1800,+300,+670
UFC 205: Alvarez vs. McGregor,November 12th,Joanna Jedrzejczyk,+1350,+300,-105,Karolina Kowalkiewicz,+2150,+1275,+540
UFC 205: Alvarez vs. McGregor,November 12th,Chris Weidman,+550,+390,+222,Yoel Romero,+3000,+333,+425
UFC 205: Alvarez vs. McGregor,November 12th,Miesha Tate,+360,+780,+177,Raquel Pennington,+755,+1100,+300
UFC 205: Alvarez vs. McGregor,November 12th,Frankie Edgar,+935,+475,-125,Jeremy Stephens,+2400,+500,+650
UFC 205: Alvarez vs. McGregor,November 12th,Khabib Nurmagomedov,+550,+490,+125,Michael Johnson,+2800,+504,+550
UFC 205: Alvarez vs. McGregor,November 12th,Rafael Natal,+620,+353,+250,Tim Boetsch,+900,+300,+522
UFC 205: Alvarez vs. McGregor,November 12th,Belal Muhammad,+1040,+659,+191,Vicente Luque,+600,+550,+250
UFC 205: Alvarez vs. McGregor,November 12th,Jim Miller,+455,+1400,+360,Thiago Alves,+1145,+300,+203
UFC 205: Alvarez vs. McGregor,November 12th,Katlyn Chookagian,+732,+720,+125,Liz Carmouche,+750,+832,+385
UFC 206: Holloway vs. Pettis,December 10th,Anthony Pettis,+650,+685,+550,Max Holloway,+800,+305,+185
UFC 206: Holloway vs. Pettis,December 10th,Donald Cerrone,+350,+300,+273,Matt Brown,+1400,+661,+650
UFC 206: Holloway vs. Pettis,December 10th,Cub Swanson,+1000,+800,+390,Doo Ho Choi,+1600,+100,+400
UFC 206: Holloway vs. Pettis,December 10th,Kelvin Gastelum,+996,+1040,+200,Tim Kennedy,+600,+525,+215
UFC 206: Holloway vs. Pettis,December 10th,Emil Meek,+1300,+250,+800,Jordan Mein,+900,+175,+400
UFC 206: Holloway vs. Pettis,December 10th,Misha Cirkunov,+250,+653,+600,Nikita Krylov,+550,+265,+659
UFC 206: Holloway vs. Pettis,December 10th,Drew Dober,+1400,+735,+333,Olivier Aubin-Mercier,+350,+941,+165
UFC 206: Holloway vs. Pettis,December 10th,Valerie Letourneau,+1000,+605,+400,Viviane Pereira,+609,+650,+400
UFC 206: Holloway vs. Pettis,December 10th,Matthew Lopez,+600,+750,+300,Mitch Gagnon,+325,+1000,+219
UFC 206: Holloway vs. Pettis,December 10th,John Makdessi,+2000,+685,+307,Lando Vannata,+405,+255,+280
UFC 206: Holloway vs. Pettis,December 10th,Jason Saggo,+739,+1040,+400,Rustam Khabilov,+800,+650,+110
UFC 206: Holloway vs. Pettis,December 10th,Dustin Ortiz,+820,+985,+250,Zach Makovsky,+967,+940,+110
UFC 207: Nunes vs. Rousey,December 30th,Amanda Nunes,+775,+264,+1750,Ronda Rousey,+140,+525,+1547
UFC 207: Nunes vs. Rousey,December 30th,Cody Garbrandt,+2590,+250,+1200,Dominick Cruz,+650,+500,+130
UFC 207: Nunes vs. Rousey,December 30th,John Lineker,+1200,+450,+550,T.J. Dillashaw,+875,+1025,+100
UFC 207: Nunes vs. Rousey,December 30th,Dong Hyun Kim,+1200,+300,+250,Tarec Saffiedine,+1265,+750,+212
UFC 207: Nunes vs. Rousey,December 30th,Louis Smolka,+550,+650,+280,Ray Borg,+400,+1250,+225
UFC 207: Nunes vs. Rousey,December 30th,Johny Hendricks,+1400,+585,+285,Neil Magny,+650,+500,+200
UFC 207: Nunes vs. Rousey,December 30th,Antonio Carlos Junior,+300,+800,+325,Marvin Vettori,+650,+600,+275
UFC 207: Nunes vs. Rousey,December 30th,Alex Garcia,+1000,+175,+350,Mike Pyle,+550,+450,+600
UFC 207: Nunes vs. Rousey,December 30th,Brandon Thatch,+430,+144,+626,Niko Price,+750,+350,+601
UFC 207: Nunes vs. Rousey,December 30th,Alex Oliveira,+600,+550,+225,Tim Means,+950,+355,+382
UFC 208: Holm vs. de Randamie,February 11th,Germaine de Randamie,+1250,+332,+275,Holly Holm,+1000,+500,+278
UFC 208: Holm vs. de Randamie,February 11th,Anderson Silva,+1075,+260,+800,Derek Brunson,+1200,+260,+300
UFC 208: Holm vs. de Randamie,February 11th,Ronaldo Souza,-137,+400,+625,Tim Boetsch,+2500,+825,+1150
UFC 208: Holm vs. de Randamie,February 11th,Glover Teixeira,+400,+275,+524,Jared Cannonier,+2000,+320,+800
UFC 208: Holm vs. de Randamie,February 11th,Dustin Poirier,+500,+175,+250,Jim Miller,+1000,+1250,+650
UFC 208: Holm vs. de Randamie,February 11th,Belal Muhammad,+1200,+745,+200,Randy Brown,+650,+390,+300
UFC 208: Holm vs. de Randamie,February 11th,Wilson Reis,+162,+700,+157,Yuta Sasaki,+1265,+1450,+1110
UFC 208: Holm vs. de Randamie,February 11th,Islam Makhachev,+575,+540,+125,Nik Lentz,+1363,+1200,+390
UFC 208: Holm vs. de Randamie,February 11th,Phillipe Nover,+1000,+1255,+275,Rick Glenn,+850,+350,+166
UFC 208: Holm vs. de Randamie,February 11th,Roan Carneiro,+950,+1090,+550,Ryan Laflare,+675,+410,-110
UFC 209: Woodley vs. Thompson 2,March 4th,Stephen Thompson,+1900,+230,+275,Tyron Woodley,+750,+400,+350
UFC 209: Woodley vs. Thompson 2,March 4th,David Teymur,+1900,+711,+535,Lando Vannata,+450,+195,+202
UFC 209: Woodley vs. Thompson 2,March 4th,Daniel Kelly,+1475,+753,+350,Rashad Evans,+1400,+220,+188
UFC 209: Woodley vs. Thompson 2,March 4th,Amanda Cooper,+1200,+1350,+175,Cynthia Calvillo,+800,+600,+175
UFC 209: Woodley vs. Thompson 2,March 4th,Alistair Overeem,+505,+280,+350,Mark Hunt,+2500,+150,+1200
UFC 209: Woodley vs. Thompson 2,March 4th,Luis Henrique,+700,+620,+350,Marcin Tybura,+800,+195,+350
UFC 209: Woodley vs. Thompson 2,March 4th,Darren Elkins,+2150,+1600,+800,Mirsad Bektic,+475,+276,-105
UFC 209: Woodley vs. Thompson 2,March 4th,Iuri Alcantara,+600,+500,+300,Luke Sanders,+1050,+524,+200
UFC 209: Woodley vs. Thompson 2,March 4th,Daniel Spitz,+319,+600,+550,Mark Godbeer,+1000,+125,+626
UFC 209: Woodley vs. Thompson 2,March 4th,Paul Craig,+220,+950,+940,Tyson Pedro,+200,+570,+600
UFC 209: Woodley vs. Thompson 2,March 4th,Albert Morales,+600,+350,+320,Andre Soukhamthath,+1200,+260,+450
UFC 210: Cormier vs. Johnson 2,April 8th,Anthony Johnson,+2000,+120,+1000,Daniel Cormier,+250,+600,+678
UFC 210: Cormier vs. Johnson 2,April 8th,Chris Weidman,+810,+670,+200,Gegard Mousasi,+800,+400,+250
UFC 210: Cormier vs. Johnson 2,April 8th,Cynthia Calvillo,+333,+750,+150,Pearl Gonzalez,+1050,+1200,+403
UFC 210: Cormier vs. Johnson 2,April 8th,Patrick Cote,+1200,+450,+185,Thiago Alves,+1200,+645,+275
UFC 210: Cormier vs. Johnson 2,April 8th,Charles Oliveira,+400,+1250,+600,Will Brooks,+780,+366,+138
UFC 210: Cormier vs. Johnson 2,April 8th,Mike de La Torre,+1475,+1400,+600,Myles Jury,+271,+260,+180
UFC 210: Cormier vs. Johnson 2,April 8th,Kamaru Usman,+800,+495,-128,Sean Strickland,+1255,+875,+525
UFC 210: Cormier vs. Johnson 2,April 8th,Charles Rosa,+650,+1225,+420,Shane Burgos,+860,+350,+160
UFC 210: Cormier vs. Johnson 2,April 8th,Jan Blachowicz,+1400,+172,+600,Patrick Cummins,+1350,+1300,+175
UFC 210: Cormier vs. Johnson 2,April 8th,Andrew Holbrook,+485,+1000,+740,Gregor Gillespie,+1000,+665,-110
UFC 210: Cormier vs. Johnson 2,April 8th,Desmond Green,+1400,+945,+300,Josh Emmett,+600,+485,+133
UFC 210: Cormier vs. Johnson 2,April 8th,Irene Aldana,+1000,+479,+350,Katlyn Chookagian,+1255,+750,+111
UFC 210: Cormier vs. Johnson 2,April 8th,Jenel Lausa,+1700,+1400,+702,Magomed Bibulatov,+350,+520,-110
UFC 211: Miocic vs. Dos Santos 2,May 13th,Junior Dos Santos,+2000,+200,+595,Stipe Miocic,+2100,+150,+635
UFC 211: Miocic vs. Dos Santos 2,May 13th,Jessica Andrade,+775,+580,+450,Joanna Jedrzejczyk,+1500,+426,+150
UFC 211: Miocic vs. Dos Santos 2,May 13th,Demian Maia,+230,+1800,+370,Jorge Masvidal,+2200,+240,+310
UFC 211: Miocic vs. Dos Santos 2,May 13th,Frankie Edgar,+1000,+750,+125,Yair Rodriguez,+1255,+450,+300
UFC 211: Miocic vs. Dos Santos 2,May 13th,David Branch,+800,+1200,+235,Krzysztof Jotko,+1600,+455,+138
UFC 211: Miocic vs. Dos Santos 2,May 13th,Dustin Poirier,+800,+350,+405,Eddie Alvarez,+800,+485,+450
UFC 211: Miocic vs. Dos Santos 2,May 13th,Chas Skelly,+450,+1045,+225,Jason Knight,+700,+800,+250
UFC 211: Miocic vs. Dos Santos 2,May 13th,Chase Sherman,+1200,+190,+515,Rashad Coulter,+1600,+188,+800
UFC 211: Miocic vs. Dos Santos 2,May 13th,James Vick,+160,+400,+331,Marco Polo Reyes,+2050,+600,+800
UFC 211: Miocic vs. Dos Santos 2,May 13th,Cortney Casey,+505,+800,+175,Jessica Aguilar,+950,+1455,+175
UFC 211: Miocic vs. Dos Santos 2,May 13th,Enrique Barzola,+1845,+1000,+175,Gabriel Benitez,+600,+445,+200
UFC 211: Miocic vs. Dos Santos 2,May 13th,Gadzhimurad Antigulov,+100,+605,+360,Joachim Christensen,+1200,+1000,+785
UFC 212: Aldo vs. Holloway,June 3rd,Jose Aldo,+1000,+425,+225,Max Holloway,+1400,+580,+275
UFC 212: Aldo vs. Holloway,June 3rd,Claudia Gadelha,+800,+760,-160,Karolina Kowalkiewicz,+1650,+1120,+400
UFC 212: Aldo vs. Holloway,June 3rd,Nate Marquardt,+900,+255,+860,Vitor Belfort,+1200,-110,+1200
UFC 212: Aldo vs. Holloway,June 3rd,Oluwale Bamgbose,+1400,+360,+1220,Paulo Costa,+900,-135,+950
UFC 212: Aldo vs. Holloway,June 3rd,Erick Silva,+505,+485,+600,Yancy Medeiros,+800,+235,+475
UFC 212: Aldo vs. Holloway,June 3rd,Marlon Moraes,+1525,+325,+170,Raphael Assuncao,+1400,+1450,+300
UFC 212: Aldo vs. Holloway,June 3rd,Antonio Carlos Junior,+275,+450,+200,Eric Spicely,+580,+1600,+635
UFC 212: Aldo vs. Holloway,June 3rd,Johnny Eduardo,+1200,+500,+400,Matthew Lopez,+275,+700,+340
UFC 212: Aldo vs. Holloway,June 3rd,Brian Kelleher,+1160,+1100,+603,Iuri Alcantara,+176,+475,+195
UFC 212: Aldo vs. Holloway,June 3rd,Jamie Moyle,+1310,+1385,+222,Viviane Pereira,+1000,+650,+125
UFC 212: Aldo vs. Holloway,June 3rd,Jim Wallhead,+1200,+855,+425,Luan Chagas,+457,+188,+285
UFC 212: Aldo vs. Holloway,June 3rd,Deiveson Alcantra Figueiredo,+495,+450,+300,Marco Beltran,+1010,+510,+320
UFC 213: Romero vs. Whittaker,July 8th,Robert Whittaker,+1400,+160,+550,Yoel Romero,+1500,+240,+617
UFC 213: Romero vs. Whittaker,July 8th,Curtis Blaydes,+925,-125,+205,Daniel Omielanczuk,+2000,+1235,+1200
UFC 213: Romero vs. Whittaker,July 8th,Alistair Overeem,+1800,+208,+310,Fabricio Werdum,+642,+400,+410
UFC 213: Romero vs. Whittaker,July 8th,Anthony Pettis,+400,+320,+180,Jim Miller,+1200,+1255,+350
UFC 213: Romero vs. Whittaker,July 8th,Aleksei Oliynyk,+400,+700,+1250,Travis Browne,+1050,-125,+700
UFC 213: Romero vs. Whittaker,July 8th,Brian Camozzi,+1600,+1500,+739,Chad Laprise,+950,+145,+155
UFC 213: Romero vs. Whittaker,July 8th,Gerald Meerschaert,+220,+1263,+916,Thiago Santos,+800,+160,+605
UFC 213: Romero vs. Whittaker,July 8th,Belal Muhammad,+1350,+318,+200,Jordan Mein,+1550,+400,+435
UFC 213: Romero vs. Whittaker,July 8th,Douglas Silva de Andrade,+1565,+800,+410,Rob Font,+900,+175,+165
UFC 213: Romero vs. Whittaker,July 8th,Cody Stamann,+749,+405,+100,Terrion Ware,+1255,+1165,+350
UFC 213: Romero vs. Whittaker,July 8th,James Bochnovic,+600,+1025,+800,Trevin Giles,+333,+180,+363
UFC 214: Cormier vs. Jones 2,July 29th,Daniel Cormier,+1200,+1045,+450,Jon Jones,+540,+425,+120
UFC 214: Cormier vs. Jones 2,July 29th,Demian Maia,+288,+1600,+800,Tyron Woodley,+2800,-115,+465
UFC 214: Cormier vs. Jones 2,July 29th,Cristiane Justino,+1100,-475,+1138,Tonya Evinger,+1400,+2495,+2500
UFC 214: Cormier vs. Jones 2,July 29th,Donald Cerrone,+600,+500,+375,Robbie Lawler,+1800,+225,+327
UFC 214: Cormier vs. Jones 2,July 29th,Jimi Manuwa,+1550,+100,+650,Volkan Oezdemir,+1025,+300,+800
UFC 214: Cormier vs. Jones 2,July 29th,Jason Knight,+625,+475,+240,Ricardo Lamas,+650,+1050,+225
UFC 214: Cormier vs. Jones 2,July 29th,Aljamain Sterling,+800,+765,+221,Renan Barao,+1100,+650,+175
UFC 214: Cormier vs. Jones 2,July 29th,Brian Ortega,+550,+1242,+315,Renato Moicano,+1000,+1025,+120
UFC 214: Cormier vs. Jones 2,July 29th,Andre Fili,+450,+260,+190,Calvin Kattar,+1155,+805,+800
UFC 214: Cormier vs. Jones 2,July 29th,Alexandra Albu,+335,+600,+225,Kailin Curran,+740,+845,+247
UFC 214: Cormier vs. Jones 2,July 29th,Eric Shelton,+854,+700,+268,Jarred Brooks,+1000,+1000,+110
UFC 214: Cormier vs. Jones 2,July 29th,Drew Dober,+465,+365,+138,Josh Burkman,+1000,+1250,+550
UFC 215: Nunes vs. Shevchenko 2,September 9th,Amanda Nunes,+460,+360,+588,Valentina Shevchenko,+515,+500,+395
UFC 215: Nunes vs. Shevchenko 2,September 9th,Neil Magny,+1300,+1000,+280,Rafael Dos Anjos,+850,+400,+165
UFC 215: Nunes vs. Shevchenko 2,September 9th,Henry Cejudo,+1650,+401,-130,Wilson Reis,+850,+2550,+645
UFC 215: Nunes vs. Shevchenko 2,September 9th,Ilir Latifi,+826,+250,+550,Tyson Pedro,+300,+275,+600
UFC 215: Nunes vs. Shevchenko 2,September 9th,Gilbert Melendez,+900,+800,+180,Jeremy Stephens,+2100,+489,+220
UFC 215: Nunes vs. Shevchenko 2,September 9th,Ketlen Vieira,+1200,+900,+355,Sara McMann,+500,+625,+119
UFC 215: Nunes vs. Shevchenko 2,September 9th,Ashlee Evans-Smith,+1305,+479,-120,Sarah Moras,+600,+1268,+526
UFC 215: Nunes vs. Shevchenko 2,September 9th,Gavin Tucker,+800,+550,-110,Rick Glenn,+1353,+925,+576
UFC 215: Nunes vs. Shevchenko 2,September 9th,Alex White,+4900,+260,+168,Mitch Clarke,+400,+1250,+496
UFC 215: Nunes vs. Shevchenko 2,September 9th,Arjan Bhullar,+1000,+270,+305,Luis Henrique,+1100,+459,+550
UFC 215: Nunes vs. Shevchenko 2,September 9th,Adriano Martins,+560,+120,+230,Kajan Johnson,+1880,+1300,+665
UFC 216: Ferguson vs. Lee,October 7th,Kevin Lee,+550,+1100,+575,Tony Ferguson,+295,+240,+550
UFC 216: Ferguson vs. Lee,October 7th,Demetrious Johnson,+250,+221,+170,Ray Borg,+1450,+1960,+1950
UFC 216: Ferguson vs. Lee,October 7th,Fabricio Werdum,0,0,+405,Walt Harris,0,0,+800
UFC 216: Ferguson vs. Lee,October 7th,Kalindra Faria,+600,+505,+150,Mara Romero Borella,+1225,+1350,+335
UFC 216: Ferguson vs. Lee,October 7th,Beneil Dariush,+414,+505,+160,Evan Dunham,+1480,+1100,+300
UFC 216: Ferguson vs. Lee,October 7th,Cody Stamann,+1800,+1045,+240,Tom Duquesnoy,+800,+320,+236
UFC 216: Ferguson vs. Lee,October 7th,Bobby Green,+1400,+975,+275,Lando Vannata,+850,+275,+180
UFC 216: Ferguson vs. Lee,October 7th,Pearl Gonzalez,+650,+1405,+250,Poliana Botelho,+1000,+475,+130
UFC 216: Ferguson vs. Lee,October 7th,Marco Beltran,+1000,+325,+360,Matt Schnell,+250,+1015,+370
UFC 216: Ferguson vs. Lee,October 7th,John Moraga,+1465,+1345,+925,Magomed Bibulatov,+710,+475,-161
UFC 216: Ferguson vs. Lee,October 7th,Brad Tavares,+1650,+555,+103,Thales Leites,+711,+725,+335
UFC 217: Bisping vs. St-Pierre,November 4th,Georges St-Pierre,+600,+908,+225,Michael Bisping,+2700,+353,+370
UFC 217: Bisping vs. St-Pierre,November 4th,Cody Garbrandt,+2250,+200,+280,T.J. Dillashaw,+1050,+895,+350
UFC 217: Bisping vs. St-Pierre,November 4th,Joanna Jedrzejczyk,+2000,+200,-110,Rose Namajunas,+800,+2500,+1460
UFC 217: Bisping vs. St-Pierre,November 4th,Jorge Masvidal,+1380,+750,+290,Stephen Thompson,+2850,+350,+160
UFC 217: Bisping vs. St-Pierre,November 4th,Johny Hendricks,+1725,+1200,+530,Paulo Costa,+1300,-125,+550
UFC 217: Bisping vs. St-Pierre,November 4th,James Vick,+560,+1000,+425,Joseph Duffy,+600,+240,+380
UFC 217: Bisping vs. St-Pierre,November 4th,Mark Godbeer,+1675,+515,+900,Walt Harris,+1500,-175,+584
UFC 217: Bisping vs. St-Pierre,November 4th,Corey Anderson,+1750,+1200,+245,Ovince St. Preux,+350,+275,+429
UFC 217: Bisping vs. St-Pierre,November 4th,Mickey Gall,+200,+945,+585,Randy Brown,+1000,+280,+450
UFC 217: Bisping vs. St-Pierre,November 4th,Aleksei Oleinik,+500,+952,+1050,Curtis Blaydes,+1650,+130,+240
UFC 217: Bisping vs. St-Pierre,November 4th,Aiemann Zahabi,+1200,+860,+400,Ricardo Ramos,+270,+716,+205
UFC 219: Cyborg vs. Holm,December 30th,Cristiane Justino,+1000,+120,+510,Holly Holm,+2850,+700,+570
UFC 219: Cyborg vs. Holm,December 30th,Edson Barboza,+2225,+500,+665,Khabib Nurmagomedov,+360,+365,+185
UFC 219: Cyborg vs. Holm,December 30th,Dan Hooker,+900,+900,+305,Marc Diakiese,+1400,+345,+170
UFC 219: Cyborg vs. Holm,December 30th,Carla Esparza,+1440,+2250,+325,Cynthia Calvillo,+260,+950,+160
UFC 219: Cyborg vs. Holm,December 30th,Carlos Condit,+900,+351,+250,Neil Magny,+675,+900,+280
UFC 219: Cyborg vs. Holm,December 30th,Khalil Rountree,+2250,-222,+800,Michal Oleksiejczuk,+1240,+495,+1055
UFC 219: Cyborg vs. Holm,December 30th,Myles Jury,+600,+500,+147,Rick Glenn,+1300,+900,+305
UFC 219: Cyborg vs. Holm,December 30th,Marvin Vettori,+565,+295,+225,Omari Akhmedov,+1365,+848,+350
UFC 219: Cyborg vs. Holm,December 30th,Louis Smolka,+900,+1235,+335,Matheus Nicolau,+800,+570,+110
UFC 219: Cyborg vs. Holm,December 30th,Mark de La Rosa,+700,+1000,+372,Tim Elliott,+590,+545,+120
UFC 220: Miocic vs. Ngannou,January 20th,Francis Ngannou,+1450,-137,+1800,Stipe Miocic,+1950,+225,+1000
UFC 220: Miocic vs. Ngannou,January 20th,Daniel Cormier,+185,+308,+400,Volkan Oezdemir,+3250,+375,+1100
UFC 220: Miocic vs. Ngannou,January 20th,Calvin Kattar,+1700,+1590,+250,Shane Burgos,+1000,+315,+175
UFC 220: Miocic vs. Ngannou,January 20th,Francimar Barroso,+1100,+455,+400,Gian Villante,+1250,+250,+242
UFC 220: Miocic vs. Ngannou,January 20th,Rob Font,+1125,+333,+430,Thomas Almeida,+1000,+275,+375
UFC 220: Miocic vs. Ngannou,January 20th,Brandon Davis,+1100,+455,+175,Kyle Bochniak,+625,+992,+260
UFC 220: Miocic vs. Ngannou,January 20th,Abdul Razak Alhassan,+1300,-107,+515,Sabah Homasi,+1225,+360,+580
UFC 220: Miocic vs. Ngannou,January 20th,Alexandre Pantoja,+450,+1400,+183,Dustin Ortiz,+1200,+900,+205
UFC 220: Miocic vs. Ngannou,January 20th,Dan Ige,+685,+1145,+250,Julio Arce,+800,+425,+190
UFC 220: Miocic vs. Ngannou,January 20th,Enrique Barzola,+900,+560,-110,Matt Bessette,+800,+1170,+460
UFC 220: Miocic vs. Ngannou,January 20th,Gleison Tibau,+1500,+1400,+348,Islam Makhachev,+1200,+425,+110
UFC 221: Romero vs. Rockhold,February 10th,Luke Rockhold,+340,+300,+455,Yoel Romero,+2000,+225,+890
UFC 221: Romero vs. Rockhold,February 10th,Curtis Blaydes,+1300,+230,+240,Mark Hunt,+3000,+250,+550
UFC 221: Romero vs. Rockhold,February 10th,Cyril Asker,+800,+535,+1200,Tai Tuivasa,+2300,-185,+1000
UFC 221: Romero vs. Rockhold,February 10th,Jake Matthews,+1200,+1050,+270,Li Jingliang,+1350,+225,+241
UFC 221: Romero vs. Rockhold,February 10th,Saparbek Safarov,+1900,+500,+1000,Tyson Pedro,+250,+255,+418
UFC 221: Romero vs. Rockhold,February 10th,Damien Brown,+1155,+700,+201,Dong Hyun Ma,+724,+350,+250
UFC 221: Romero vs. Rockhold,February 10th,Israel Adesanya,+1400,-164,+512,Rob Wilkinson,+1200,+1625,+550
UFC 221: Romero vs. Rockhold,February 10th,Alex Volkanovski,+900,+350,+135,Jeremy Kennedy,+1300,+1050,+300
UFC 221: Romero vs. Rockhold,February 10th,Ben Nguyen,+1200,+350,+250,Jussier Formiga,+400,+1400,+185
UFC 221: Romero vs. Rockhold,February 10th,Mizuto Hirota,+1655,+500,+240,Ross Pearson,+1200,+799,+125
UFC 221: Romero vs. Rockhold,February 10th,Jose Quinonez,+800,+700,+138,Teruto Ishihara,+1350,+366,+440
UFC 221: Romero vs. Rockhold,February 10th,Daichi Abe,+1200,+300,+176,Luke Jumeau,+1800,+780,+245
UFC 222: Cyborg vs. Kunitskaya,March 3rd,Cristiane Justino,+750,-280,+635,Yana Kunitskaya,+2800,+2000,+2300
UFC 222: Cyborg vs. Kunitskaya,March 3rd,Brian Ortega,+311,+1250,+515,Frankie Edgar,+1450,+1000,-110
UFC 222: Cyborg vs. Kunitskaya,March 3rd,Andre Soukhamthath,+850,+280,+505,Sean O'Malley,+1400,+500,+225
UFC 222: Cyborg vs. Kunitskaya,March 3rd,Andrei Arlovski,+1600,+375,+435,Stefan Struve,+545,+175,+505
UFC 222: Cyborg vs. Kunitskaya,March 3rd,Cat Zingano,+1070,+600,+330,Ketlen Vieira,+525,+750,+130
UFC 222: Cyborg vs. Kunitskaya,March 3rd,Ashley Yoder,+2000,+1330,+550,Mackenzie Dern,-130,+1000,+305
UFC 222: Cyborg vs. Kunitskaya,March 3rd,Alexander Hernandez,+1225,+1200,+630,Beneil Dariush,+333,+220,+240
UFC 222: Cyborg vs. Kunitskaya,March 3rd,John Dodson,+1600,+480,+136,Pedro Munhoz,+500,+1200,+275
UFC 222: Cyborg vs. Kunitskaya,March 3rd,C.B. Dollaway,+955,+425,+325,Hector Lombard,+750,+185,+777
UFC 222: Cyborg vs. Kunitskaya,March 3rd,Mike Pyle,+966,+705,+625,Zak Ottow,+325,+275,+325
UFC 222: Cyborg vs. Kunitskaya,March 3rd,Bryan Caraway,+650,+1675,+210,Cody Stamann,+1415,+550,+174
UFC 222: Cyborg vs. Kunitskaya,March 3rd,Adam Milstead,+1300,+400,+900,Jordan Johnson,+550,+325,+130
UFC 224: Nunes vs. Pennington,May 12th,Amanda Nunes,+430,+125,+290,Raquel Pennington,+1400,+2100,+1080
UFC 224: Nunes vs. Pennington,May 12th,Kelvin Gastelum,+2600,+225,+550,Ronaldo Souza,+210,+750,+324
UFC 224: Nunes vs. Pennington,May 12th,Amanda Cooper,+2500,+550,+457,Mackenzie Dern,+125,+1350,+250
UFC 224: Nunes vs. Pennington,May 12th,Brian Kelleher,+1200,+1505,+333,John Lineker,+985,+300,+131
UFC 224: Nunes vs. Pennington,May 12th,Lyoto Machida,+1600,+186,+200,Vitor Belfort,+2550,+400,+700
UFC 224: Nunes vs. Pennington,May 12th,Cezar Ferreira,+620,+650,+280,Karl Roberson,+1000,+254,+495
UFC 224: Nunes vs. Pennington,May 12th,Aleksei Oliynyk,+300,+1050,+550,Junior Albini,+1800,+140,+425
UFC 224: Nunes vs. Pennington,May 12th,Davi Ramos,+365,+1040,+205,Nick Hein,+1440,+1225,+190
UFC 224: Nunes vs. Pennington,May 12th,Elizeu Zaleski Dos Santos,+1705,+650,+170,Sean Strickland,+1200,+825,+175
UFC 224: Nunes vs. Pennington,May 12th,Sultan Aliev,+1650,+610,+450,Warlley Alves,+206,+700,+200
UFC 224: Nunes vs. Pennington,May 12th,Jack Hermansson,+1500,+259,+187,Thales Leites,+500,+800,+335
UFC 224: Nunes vs. Pennington,May 12th,Alberto Mina,+1000,+411,+705,Ramazan Emeev,+564,+350,+200
UFC 224: Nunes vs. Pennington,May 12th,James Bochnovic,+1000,+1215,+450,Markus Perez,+220,+346,+385
UFC 225: Whittaker vs. Romero 2,June 9th,Robert Whittaker,+1875,+160,+250,Yoel Romero,+2350,+293,+800
UFC 225: Whittaker vs. Romero 2,June 9th,Colby Covington,+1100,+900,+140,Rafael Dos Anjos,+665,+500,+400
UFC 225: Whittaker vs. Romero 2,June 9th,Holly Holm,+2000,+690,-105,Megan Anderson,+1700,+480,+440
UFC 225: Whittaker vs. Romero 2,June 9th,Andrei Arlovski,+1800,+600,+460,Tai Tuivasa,+3000,-155,+775
UFC 225: Whittaker vs. Romero 2,June 9th,Cm Punk,+450,+1175,+660,Mike Jackson,+1000,+140,+402
UFC 225: Whittaker vs. Romero 2,June 9th,Alistair Overeem,+1300,+435,+460,Curtis Blaydes,+2000,+175,+350
UFC 225: Whittaker vs. Romero 2,June 9th,Carla Esparza,+2000,+1600,+550,Claudia Gadelha,+459,+800,-125
UFC 225: Whittaker vs. Romero 2,June 9th,Mirsad Bektic,+1350,+250,+165,Ricardo Lamas,+900,+820,+425
UFC 225: Whittaker vs. Romero 2,June 9th,Chris de La Rocha,+500,+350,+715,Rashad Coulter,+2150,+125,+1000
UFC 225: Whittaker vs. Romero 2,June 9th,Anthony Smith,+800,+132,+275,Rashad Evans,+1865,+1000,+400
UFC 225: Whittaker vs. Romero 2,June 9th,Joseph Benavidez,+640,+912,+100,Sergio Pettis,+1500,+800,+570
UFC 225: Whittaker vs. Romero 2,June 9th,Charles Oliveira,+138,+1100,+724,Clay Guida,+1000,+500,+320
UFC 225: Whittaker vs. Romero 2,June 9th,Dan Ige,+700,+1035,+162,Mike Santiago,+725,+710,+237
UFC 226: Miocic vs. Cormier,July 7th,Daniel Cormier,+1200,+617,+450,Stipe Miocic,+2500,+170,+225
UFC 226: Miocic vs. Cormier,July 7th,Derrick Lewis,+2250,+450,+1050,Francis Ngannou,+1000,-165,+635
UFC 226: Miocic vs. Cormier,July 7th,Mike Perry,+2000,+258,+575,Paul Felder,+800,+300,+287
UFC 226: Miocic vs. Cormier,July 7th,Anthony Pettis,+800,+750,+327,Michael Chiesa,+235,+1000,+250
UFC 226: Miocic vs. Cormier,July 7th,Gokhan Saki,+3200,+102,+750,Khalil Rountree,+1800,+171,+850
UFC 226: Miocic vs. Cormier,July 7th,Paulo Costa,+1387,-155,+460,Uriah Hall,+1900,+600,+900
UFC 226: Miocic vs. Cormier,July 7th,Raphael Assuncao,+900,+1010,+115,Rob Font,+1445,+475,+333
UFC 226: Miocic vs. Cormier,July 7th,Drakkar Klose,+1530,+915,+250,Lando Vannata,+850,+325,+162
UFC 226: Miocic vs. Cormier,July 7th,Curtis Millender,+1400,+280,+175,Max Griffin,+1250,+500,+355
UFC 226: Miocic vs. Cormier,July 7th,Dan Hooker,+1950,+180,+410,Gilbert Burns,+400,+750,+400
UFC 226: Miocic vs. Cormier,July 7th,Emily Whitmire,+1200,+1525,+275,Jamie Moyle,+700,+1250,+118
UFC 227: Dillashaw vs. Garbrandt 2,August 4th,Cody Garbrandt,+2450,+220,+560,T.J. Dillashaw,+1000,+225,+555
UFC 227: Dillashaw vs. Garbrandt 2,August 4th,Demetrious Johnson,+200,+355,+215,Henry Cejudo,+1845,+800,+1100
UFC 227: Dillashaw vs. Garbrandt 2,August 4th,Cub Swanson,+1875,+800,+500,Renato Moicano,+575,+800,-155
UFC 227: Dillashaw vs. Garbrandt 2,August 4th,J.J. Aldrich,+2000,+800,+300,Polyana Viana,+250,+1300,+249
UFC 227: Dillashaw vs. Garbrandt 2,August 4th,Kevin Holland,+1345,+550,+900,Thiago Santos,+1500,-165,+640
UFC 227: Dillashaw vs. Garbrandt 2,August 4th,Brett Johns,+1200,+1200,+325,Pedro Munhoz,+250,+900,+180
UFC 227: Dillashaw vs. Garbrandt 2,August 4th,Montel Jackson,+610,+400,+350,Ricky Simon,+700,+680,+280
UFC 227: Dillashaw vs. Garbrandt 2,August 4th,Kyung Ho Kang,+650,+1445,+655,Ricardo Ramos,+405,+400,+200
UFC 227: Dillashaw vs. Garbrandt 2,August 4th,Matt Sayles,+1000,+290,+365,Sheymon Moraes,+1240,+350,+336
UFC 227: Dillashaw vs. Garbrandt 2,August 4th,Alex Perez,+550,+1350,+165,Jose Torres,+735,+650,+333
UFC 227: Dillashaw vs. Garbrandt 2,August 4th,Danielle Taylor,+1425,+1100,+400,Weili Zhang,+800,+365,+200
UFC 227: Dillashaw vs. Garbrandt 2,August 4th,Marlon Vera,+295,+425,+175,Wuliji Buren,+1300,+1855,+700
UFC 230: Cormier vs. Lewis,November 3rd,Daniel Cormier,+188,+125,+1300,Derrick Lewis,+3850,+600,+2600
UFC 230: Cormier vs. Lewis,November 3rd,Chris Weidman,+2000,+250,+240,Ronaldo Souza,+550,+750,+550
UFC 230: Cormier vs. Lewis,November 3rd,David Branch,+450,+385,+150,Jared Cannonier,+2500,+600,+625
UFC 230: Cormier vs. Lewis,November 3rd,Jack Marshman,+1250,+605,+500,Karl Roberson,+300,+190,+350
UFC 230: Cormier vs. Lewis,November 3rd,Derek Brunson,+1400,+650,+575,Israel Adesanya,+1600,+110,+300
UFC 230: Cormier vs. Lewis,November 3rd,Jason Knight,+400,+275,+275,Jordan Rinaldi,+1000,+1372,+450
UFC 230: Cormier vs. Lewis,November 3rd,Roxanne Modafferi,+1405,+1600,+700,Sijara Eubanks,+575,+575,-149
UFC 230: Cormier vs. Lewis,November 3rd,Julio Arce,+425,+900,-105,Sheymon Moraes,+1600,+1100,+425
UFC 230: Cormier vs. Lewis,November 3rd,Ben Saunders,+1295,+1725,+1000,Lyman Good,+1250,-189,+475
UFC 230: Cormier vs. Lewis,November 3rd,Lando Vannata,+600,+145,+415,Matt Frevola,+1085,+1075,+500
UFC 230: Cormier vs. Lewis,November 3rd,Kurt Holobaugh,+1550,+605,+825,Shane Burgos,+1050,+138,+200
UFC 230: Cormier vs. Lewis,November 3rd,Adam Wieczorek,+125,+800,+469,Marcos Rogerio,+725,+329,+1100
UFC 235: Jones vs. Smith,March 2nd,Anthony Smith,+2270,+965,+1600,Jon Jones,+220,-105,+800
UFC 235: Jones vs. Smith,March 2nd,Kamaru Usman,+1600,+600,+285,Tyron Woodley,+1000,+200,+350
UFC 235: Jones vs. Smith,March 2nd,Ben Askren,+685,+1050,-125,Robbie Lawler,+2170,+375,+730
UFC 235: Jones vs. Smith,March 2nd,Tecia Torres,+1600,+1795,+160,Weili Zhang,+600,+699,+175
UFC 235: Jones vs. Smith,March 2nd,Cody Garbrandt,+2000,+170,+335,Pedro Munhoz,+450,+500,+600
UFC 235: Jones vs. Smith,March 2nd,Jeremy Stephens,+1900,+365,+825,Zabit Magomedsharipov,+240,+600,+172
UFC 235: Jones vs. Smith,March 2nd,Johnny Walker,+1600,-110,+1350,Misha Cirkunov,+250,+650,+950
UFC 235: Jones vs. Smith,March 2nd,Alejandro Perez,+1050,+700,+325,Cody Stamann,+1250,+1525,-125
UFC 235: Jones vs. Smith,March 2nd,Diego Sanchez,+1700,+1000,+315,Mickey Gall,+250,+265,+360
UFC 235: Jones vs. Smith,March 2nd,Charles Byrd,+380,+800,+450,Edmen Shahbazyan,+800,+250,+355
UFC 235: Jones vs. Smith,March 2nd,Gina Mazany,+2800,+1695,+510,Macy Chiasson,+175,+250,+275
UFC 235: Jones vs. Smith,March 2nd,Hannah Cifers,+1820,+750,+450,Polyana Viana,+155,+815,+305
UFC 236: Holloway vs. Poirier 2,April 13th,Dustin Poirier,+900,+490,+800,Max Holloway,+1300,+115,+315
UFC 236: Holloway vs. Poirier 2,April 13th,Israel Adesanya,+1800,+330,+175,Kelvin Gastelum,+600,+325,+750
UFC 236: Holloway vs. Poirier 2,April 13th,Eryk Anders,+660,+324,+230,Khalil Rountree,+2200,+250,+800
UFC 236: Holloway vs. Poirier 2,April 13th,Alan Jouban,+1400,+465,+230,Dwight Grant,+2050,+165,+565
UFC 236: Holloway vs. Poirier 2,April 13th,Nikita Krylov,+645,+300,+525,Ovince St. Preux,+235,+550,+780
UFC 236: Holloway vs. Poirier 2,April 13th,Jalin Turner,+1200,+135,+600,Matt Frevola,+360,+605,+500
UFC 236: Holloway vs. Poirier 2,April 13th,Alexandre Pantoja,+605,+525,+160,Wilson Reis,+1280,+2400,+200
UFC 236: Holloway vs. Poirier 2,April 13th,Max Griffin,+1400,+535,+255,Zelim Imadaev,+1435,+190,+425
UFC 236: Holloway vs. Poirier 2,April 13th,Boston Salmon,+1100,+400,+175,Khalid Taha,+1105,+875,+250
UFC 236: Holloway vs. Poirier 2,April 13th,Belal Muhammad,+405,+1135,+170,Curtis Millender,+2625,+350,+380
UFC 236: Holloway vs. Poirier 2,April 13th,Andre Soukhamthath,+2450,+1025,+839,Montel Jackson,+350,+325,+150
UFC 236: Holloway vs. Poirier 2,April 13th,Lauren Mueller,+1200,+1500,+205,Poliana Botelho,+1015,+245,+215
UFC 236: Holloway vs. Poirier 2,April 13th,Brandon Davis,+775,+255,+225,Randy Costa,+925,+295,+725
UFC 239: Jones vs. Santos,July 6th,Jon Jones,+200,+145,+450,Thiago Santos,+2750,+600,+2500
UFC 239: Jones vs. Santos,July 6th,Amanda Nunes,+550,+138,+370,Holly Holm,+3000,+1050,+800
UFC 239: Jones vs. Santos,July 6th,Ben Askren,+575,+1185,+125,Jorge Masvidal,+1400,+310,+750
UFC 239: Jones vs. Santos,July 6th,Jan Blachowicz,+2000,+500,+450,Luke Rockhold,+325,+325,+349
UFC 239: Jones vs. Santos,July 6th,Diego Sanchez,+1500,+1380,+457,Michael Chiesa,+325,+220,+275
UFC 239: Jones vs. Santos,July 6th,Arnold Allen,+850,+375,-115,Gilbert Melendez,+1400,+1318,+450
UFC 239: Jones vs. Santos,July 6th,Marlon Vera,+210,+200,+375,Nohelin Hernandez,+2000,+1050,+550
UFC 239: Jones vs. Santos,July 6th,Claudia Gadelha,+475,+1000,-115,Randa Markos,+1350,+1900,+275
UFC 239: Jones vs. Santos,July 6th,Alejandro Perez,+1655,+1400,+250,Yadong Song,+750,+333,+162
UFC 239: Jones vs. Santos,July 6th,Edmen Shahbazyan,+515,+130,+215,Jack Marshman,+2100,+900,+1000
UFC 239: Jones vs. Santos,July 6th,Chance Rencountre,+1250,+1675,+665,Ismail Naurdiev,+725,+175,+140
UFC 239: Jones vs. Santos,July 6th,Julia Avila,+1000,+250,+170,Pannie Kianzad,+1400,+1525,+240
UFC 240: Holloway vs. Edgar,July 27th,Frankie Edgar,+1900,+1160,+670,Max Holloway,+1400,+140,+260
UFC 240: Holloway vs. Edgar,July 27th,Cristiane Justino,+1300,-275,+900,Felicia Spencer,+800,+1400,+1800
UFC 240: Holloway vs. Edgar,July 27th,Geoff Neal,+1600,-155,+550,Niko Price,+1075,+450,+1200
UFC 240: Holloway vs. Edgar,July 27th,Arman Tsarukyan,+850,+475,+125,Olivier Aubin-Mercier,+850,+1345,+250
UFC 240: Holloway vs. Edgar,July 27th,Krzysztof Jotko,+650,+505,+155,Marc-Andre Barriault,+1422,+500,+370
UFC 240: Holloway vs. Edgar,July 27th,Alexis Davis,+1400,+1400,+240,Viviane Araujo,+750,+278,+177
UFC 240: Holloway vs. Edgar,July 27th,Hakeem Dawodu,+1800,+120,+180,Yoshinori Horie,+1675,+555,+875
UFC 240: Holloway vs. Edgar,July 27th,Gavin Tucker,+1225,+692,+185,Seung Woo Choi,+1275,+328,+275
UFC 240: Holloway vs. Edgar,July 27th,Alexandre Pantoja,+750,+800,+165,Deiveson Figueiredo,+1625,+385,+285
UFC 240: Holloway vs. Edgar,July 27th,Gillian Robertson,+230,+1415,+400,Sarah Frota,+605,+410,+506
UFC 240: Holloway vs. Edgar,July 27th,Erik Koch,+600,+550,+350,Kyle Stewart,+850,+405,+316
UFC 240: Holloway vs. Edgar,July 27th,Giacomo Lemos,+1450,+275,+700,Tanner Boser,+1325,+225,+220
UFC 241: Cormier vs. Miocic 2,August 17th,Daniel Cormier,+600,+205,+505,Stipe Miocic,+3000,+230,+740
UFC 241: Cormier vs. Miocic 2,August 17th,Anthony Pettis,+1200,+560,+205,Nate Diaz,+750,+700,+275
UFC 241: Cormier vs. Miocic 2,August 17th,Paulo Costa,+2600,+225,+550,Yoel Romero,+2000,+150,+550
UFC 241: Cormier vs. Miocic 2,August 17th,Gabriel Benitez,+725,+1200,+600,Sodiq Yusuff,+2550,+160,+211
UFC 241: Cormier vs. Miocic 2,August 17th,Derek Brunson,+1900,+350,+350,Ian Heinisch,+1300,+245,+320
UFC 241: Cormier vs. Miocic 2,August 17th,Devonte Smith,+1425,-280,+585,Khama Worthy,+1800,+1200,+1200
UFC 241: Cormier vs. Miocic 2,August 17th,Cory Sandhagen,+900,+508,+100,Raphael Assuncao,+1000,+1400,+320
UFC 241: Cormier vs. Miocic 2,August 17th,Christos Giagos,+1100,+775,+275,Drakkar Klose,+1500,+615,+105
UFC 241: Cormier vs. Miocic 2,August 17th,Casey Kenney,+1240,+625,+300,Manny Bermudez,+135,+1600,+579
UFC 241: Cormier vs. Miocic 2,August 17th,Hannah Cifers,+1400,+529,-150,Jodie Esquibel,+2090,+2500,+300
UFC 241: Cormier vs. Miocic 2,August 17th,Brandon Davis,+1050,+900,+350,Kyung Ho Kang,+255,+942,+175
UFC 241: Cormier vs. Miocic 2,August 17th,Sabina Mazo,+1200,+700,+130,Shana Dobson,+1500,+800,+175
UFC 242: Khabib vs. Poirier,September 7th,Dustin Poirier,+2000,+620,+1000,Khabib Nurmagomedov,+210,+450,+260
UFC 242: Khabib vs. Poirier,September 7th,Edson Barboza,+1900,+300,+295,Paul Felder,+1700,+365,+350
UFC 242: Khabib vs. Poirier,September 7th,Davi Ramos,+850,+1400,+800,Islam Makhachev,+1200,+800,-165
UFC 242: Khabib vs. Poirier,September 7th,Curtis Blaydes,+1250,+100,+205,Shamil Abdurakhimov,+1700,+900,+1025
UFC 242: Khabib vs. Poirier,September 7th,Diego Ferreira,+800,+900,+600,Mairbek Taisumov,+1400,+125,+205
UFC 242: Khabib vs. Poirier,September 7th,Andrea Lee,+850,+800,-105,Joanne Calderwood,+1400,+1215,+260
UFC 242: Khabib vs. Poirier,September 7th,Lerone Murphy,+1600,+750,+600,Zubaira Tukhugov,+900,+320,+110
UFC 242: Khabib vs. Poirier,September 7th,Liana Jojua,+550,+800,+150,Sarah Moras,+550,+1400,+300
UFC 242: Khabib vs. Poirier,September 7th,Ottman Azaitar,+1250,+110,+350,Teemu Packalen,+600,+800,+550
UFC 242: Khabib vs. Poirier,September 7th,Belal Muhammad,+900,+600,-152,Takashi Sato,+1400,+725,+800
UFC 242: Khabib vs. Poirier,September 7th,Muslim Salikhov,+1400,+310,+333,Nordine Taleb,+1300,+500,+175
UFC 242: Khabib vs. Poirier,September 7th,Omari Akhmedov,+715,+650,+200,Zak Cummings,+515,+550,+275
UFC 242: Khabib vs. Poirier,September 7th,Don Madge,+400,+260,+335,Fares Ziam,+715,+600,+405
UFC 243: Whittaker vs. Adesanya,October 5th,Israel Adesanya,+2350,+300,+315,Robert Whittaker,+1400,+230,+464
UFC 243: Whittaker vs. Adesanya,October 5th,Al Iaquinta,+1470,+850,+250,Dan Hooker,+900,+455,+187
UFC 243: Whittaker vs. Adesanya,October 5th,Sergey Spivak,+1200,+1000,+875,Tai Tuivasa,+2100,-175,+850
UFC 243: Whittaker vs. Adesanya,October 5th,Dhiego Lima,+725,+650,+175,Luke Jumeau,+1825,+500,+280
UFC 243: Whittaker vs. Adesanya,October 5th,Justin Tafa,+1800,+130,+800,Yorgan de Castro,+1700,+175,+560
UFC 243: Whittaker vs. Adesanya,October 5th,Jake Matthews,+280,+700,+170,Rostem Akman,+1800,+1000,+525
UFC 243: Whittaker vs. Adesanya,October 5th,Callan Potter,+1200,+1375,+710,Maki Pitolo,+700,-125,+740
UFC 243: Whittaker vs. Adesanya,October 5th,Brad Riddell,+1065,+225,+300,Jamie Mullarkey,+700,+576,+515
UFC 243: Whittaker vs. Adesanya,October 5th,Megan Anderson,+900,-105,+250,Zarah Fairn Dos Santos,+2000,+1400,+735
UFC 243: Whittaker vs. Adesanya,October 5th,Ji Yeon Kim,+800,+960,+115,Nadia Kassem,+1500,+1000,+250
UFC 243: Whittaker vs. Adesanya,October 5th,Bruno Silva,+934,+900,+485,Khalid Taha,+1075,+175,+210
UFC 244: Masvidal vs. Diaz,November 2nd,Jorge Masvidal,+2800,+250,+225,Nate Diaz,+550,+900,+333
UFC 244: Masvidal vs. Diaz,November 2nd,Darren Till,+3300,+505,+460,Kelvin Gastelum,+680,+200,+280
UFC 244: Masvidal vs. Diaz,November 2nd,Stephen Thompson,+3100,+700,+150,Vicente Luque,+660,+360,+360
UFC 244: Masvidal vs. Diaz,November 2nd,Blagoy Ivanov,+1000,+550,+215,Derrick Lewis,+3200,+188,+675
UFC 244: Masvidal vs. Diaz,November 2nd,Gregor Gillespie,+595,+550,+160,Kevin Lee,+750,+1400,+430
UFC 244: Masvidal vs. Diaz,November 2nd,Corey Anderson,+1300,+800,+275,Johnny Walker,+2400,-110,+900
UFC 244: Masvidal vs. Diaz,November 2nd,Makwan Amirkhani,+1075,+1300,+370,Shane Burgos,+1000,+350,+160
UFC 244: Masvidal vs. Diaz,November 2nd,Brad Tavares,+1475,+900,+210,Edmen Shahbazyan,+1000,+280,+265
UFC 244: Masvidal vs. Diaz,November 2nd,Andrei Arlovski,+1000,+715,+260,Jairzinho Rozenstruik,+3000,+110,+650
UFC 244: Masvidal vs. Diaz,November 2nd,Jennifer Maia,+1150,+1200,+200,Katlyn Chookagian,+1240,+1550,-111
UFC 244: Masvidal vs. Diaz,November 2nd,Chance Rencountre,+470,+1075,+225,Lyman Good,+1700,+475,+175
UFC 244: Masvidal vs. Diaz,November 2nd,Hakeem Dawodu,+2475,+485,+162,Julio Arce,+550,+900,+230
UFC 245: Usman vs. Covington,December 14th,Colby Covington,+1100,+750,+310,Kamaru Usman,+1200,+450,+120
UFC 245: Usman vs. Covington,December 14th,Irene Aldana,+1670,+1000,+300,Ketlen Vieira,+555,+1250,+105
UFC 245: Usman vs. Covington,December 14th,Geoff Neal,+800,+250,+225,Mike Perry,+2600,+355,+800
UFC 245: Usman vs. Covington,December 14th,Ian Heinisch,+900,+350,+187,Omari Akhmedov,+1100,+765,+250
UFC 245: Usman vs. Covington,December 14th,Ben Saunders,+800,+650,+1250,Matt Brown,+1200,-130,+605
UFC 245: Usman vs. Covington,December 14th,Chase Hooper,+190,+900,+540,Daniel Teymur,+1000,+350,+333
UFC 245: Usman vs. Covington,December 14th,Brandon Moreno,+410,+1250,+350,Kai Kara-France,+1800,+500,+125
UFC 245: Usman vs. Covington,December 14th,Jessica Eye,+1483,+1250,+255,Viviane Araujo,+850,+425,+130
UFC 245: Usman vs. Covington,December 14th,Oskar Piechota,+410,+400,+550,Punahele Soriano,+750,+355,+360
UFC 245: Usman vs. Covington,December 14th,Alexander Volkanovski,+2250,+600,+295,Max Holloway,+1000,+375,+160
UFC 245: Usman vs. Covington,December 14th,Amanda Nunes,+535,+110,+525,Germaine de Randamie,+3000,+460,+850
UFC 245: Usman vs. Covington,December 14th,Petr Yan,+1800,+120,+175,Urijah Faber,+1400,+1455,+800
UFC 245: Usman vs. Covington,December 14th,Jose Aldo,+1400,+550,+495,Marlon Moraes,+950,+180,+300
UFC 246: McGregor vs. Cowboy,January 18th,Conor McGregor,+2500,-185,+900,Donald Cerrone,+650,+800,+1300
UFC 246: McGregor vs. Cowboy,January 18th,Brian Kelleher,+500,+660,+465,Ode Osbourne,+220,+550,+410
UFC 246: McGregor vs. Cowboy,January 18th,Maycee Barber,+950,-175,+300,Roxanne Modafferi,+2500,+2500,+1000
UFC 246: McGregor vs. Cowboy,January 18th,Andre Fili,+900,+500,+350,Sodiq Yusuff,+3600,+185,+300
UFC 246: McGregor vs. Cowboy,January 18th,Askar Askarov,+225,+1100,+335,Tim Elliott,+1075,+1675,+210
UFC 246: McGregor vs. Cowboy,January 18th,Aleksa Camur,+2550,+185,+450,Justin Ledet,+1100,+499,+275
UFC 246: McGregor vs. Cowboy,January 18th,Drew Dober,+2500,+650,+650,Nasrat Haqparast,+1200,+275,+110
UFC 246: McGregor vs. Cowboy,January 18th,J.J. Aldrich,+1400,+800,+162,Sabina Mazo,+2500,+900,+150
UFC 246: McGregor vs. Cowboy,January 18th,Holly Holm,+4000,+700,+120,Raquel Pennington,+1400,+1450,+187
UFC 246: McGregor vs. Cowboy,January 18th,Anthony Pettis,+1033,+600,+600,Diego Ferreira,+700,+450,+125
UFC 246: McGregor vs. Cowboy,January 18th,Aleksei Oleinik,+175,+900,+1090,Maurice Greene,+2800,+110,+900
UFC 247: Jones vs. Reyes,February 8th,Dominick Reyes,+3200,+550,+1300,Jon Jones,+325,+225,+240
UFC 247: Jones vs. Reyes,February 8th,James Krause,+450,+675,+225,Trevin Giles,+1065,+440,+240
UFC 247: Jones vs. Reyes,February 8th,Andrea Lee,+775,+865,-152,Lauren Murphy,+2000,+1400,+410
UFC 247: Jones vs. Reyes,February 8th,Mario Bautista,+700,+675,+275,Miles Johns,+900,+700,+137
UFC 247: Jones vs. Reyes,February 8th,Alex Morono,+350,+450,+175,Kalinn Williams,+2875,+1000,+450
UFC 247: Jones vs. Reyes,February 8th,Andre Ewell,+1425,+705,+150,Jonathan Martinez,+455,+900,+250
UFC 247: Jones vs. Reyes,February 8th,Domingo Pilarte,+350,+1100,+205,Journey Newson,+900,+650,+205
UFC 247: Jones vs. Reyes,February 8th,Austin Lingo,+710,+240,+255,Youssef Zalal,+800,+815,+475
UFC 247: Jones vs. Reyes,February 8th,Katlyn Chookagian,+2800,+2800,+1400,Valentina Shevchenko,+510,+350,-125
UFC 247: Jones vs. Reyes,February 8th,Derrick Lewis,+5600,-130,+595,Ilir Latifi,+1200,+600,+590
UFC 247: Jones vs. Reyes,February 8th,Dan Ige,+570,+450,+450,Mirsad Bektic,+1500,+700,+145
UFC 247: Jones vs. Reyes,February 8th,Juan Adams,+1300,+100,+450,Justin Tafa,+2600,+350,+800
UFC 248: Adesanya vs. Romero,March 7th,Israel Adesanya,+2800,+160,+200,Yoel Romero,+2000,+333,+1200
UFC 248: Adesanya vs. Romero,March 7th,Austin Hubbard,+1100,+1190,+400,Mark Madsen,+620,+500,+115
UFC 248: Adesanya vs. Romero,March 7th,Jose Quinonez,+1500,+1425,+550,Sean O'Malley,+470,+250,+245
UFC 248: Adesanya vs. Romero,March 7th,Rodolfo Vieira,-175,+780,+490,Saparbek Safarov,+2500,+900,+1600
UFC 248: Adesanya vs. Romero,March 7th,Deron Winn,+1575,+420,+162,Gerald Meerschaert,+350,+1035,+500
UFC 248: Adesanya vs. Romero,March 7th,Emily Whitmire,+725,+950,+215,Polyana Viana,+450,+850,+280
UFC 248: Adesanya vs. Romero,March 7th,Giga Chikadze,+2300,+500,+333,Jamall Emmers,+400,+450,+250
UFC 248: Adesanya vs. Romero,March 7th,Danaa Batgerel,+500,+405,+285,Guido Cannetti,+1360,+500,+275
UFC 248: Adesanya vs. Romero,March 7th,Joanna Jedrzejczyk,+3300,+850,+260,Zhang Weili,+900,+175,+290
UFC 248: Adesanya vs. Romero,March 7th,Li Jingliang,+1600,+170,+280,Neil Magny,+1200,+1200,+275
UFC 248: Adesanya vs. Romero,March 7th,Beneil Dariush,+245,+1200,+250,Drakkar Klose,+2400,+550,+275
UFC 248: Adesanya vs. Romero,March 7th,Alex Oliveira,+450,+350,+270,Max Griffin,+1800,+500,+245
UFC 249: Ferguson vs. Gaethje,May 9th,Justin Gaethje,+4200,+200,+1400,Tony Ferguson,+250,+260,+750
UFC 249: Ferguson vs. Gaethje,May 9th,Dominick Cruz,+1800,+1450,+275,Henry Cejudo,+1600,+275,+178
UFC 249: Ferguson vs. Gaethje,May 9th,Francis Ngannou,+900,-120,+750,Jairzinho Rozenstruik,+4000,+455,+700
UFC 249: Ferguson vs. Gaethje,May 9th,Calvin Kattar,+1800,+300,+137,Jeremy Stephens,+3000,+450,+550
UFC 249: Ferguson vs. Gaethje,May 9th,Aleksei Oleinik,+667,+750,+1065,Fabricio Werdum,+400,+150,+375
UFC 249: Ferguson vs. Gaethje,May 9th,Carla Esparza,+1200,+1180,+105,Michelle Waterson,+1000,+1265,+190
UFC 249: Ferguson vs. Gaethje,May 9th,Niko Price,+1465,+475,+1300,Vicente Luque,+395,+150,+500
UFC 249: Ferguson vs. Gaethje,May 9th,Ryan Spann,+385,+175,+280,Sam Alvey,+2000,+600,+945
UFC 249: Ferguson vs. Gaethje,May 9th,Bryce Mitchell,+320,+1000,+162,Charles Rosa,+650,+1200,+285
UFC 249: Ferguson vs. Gaethje,May 9th,Anthony Pettis,+900,+255,+440,Donald Cerrone,+675,+500,+475
UFC 249: Ferguson vs. Gaethje,May 9th,Greg Hardy,+2633,+153,+320,Yorgan de Castro,+2550,+280,+1200
